path,status,classification,reason,source_of_evidence,migration_action
.build/ADMIN_DOMAIN_RBAC_EMERGENCY_PLANE_CERTIFICATION.md,modified,OPTIONAL,Audit/cert artifacts,git diff --name-only HEAD,optional
.build/ADMIN_SHELL_DOMAIN_SEPARATION_CERTIFICATION.json,modified,OPTIONAL,Audit/cert artifacts,git diff --name-only HEAD,optional
.build/FOREX_ACCOUNT_CENTER_DETAIL_SURFACE_IMPLEMENTATION.md,modified,OPTIONAL,Audit/cert artifacts,git diff --name-only HEAD,optional
.build/FOREX_CORE_CUSTOMER_LIFECYCLE_IMPLEMENTATION_REPORT.md,modified,OPTIONAL,Audit/cert artifacts,git diff --name-only HEAD,optional
.build/FOREX_CUSTOMER_PRODUCTION_CERTIFICATION.json,modified,OPTIONAL,Audit/cert artifacts,git diff --name-only HEAD,optional
.build/FOREX_CUSTOMER_UI_FINAL_CERTIFICATION_AUDIT.md,modified,OPTIONAL,Audit/cert artifacts,git diff --name-only HEAD,optional
.build/FOREX_FINAL_CERTIFICATION.json,modified,OPTIONAL,Audit/cert artifacts,git diff --name-only HEAD,optional
.build/FOREX_FINAL_CERTIFICATION.md,modified,OPTIONAL,Audit/cert artifacts,git diff --name-only HEAD,optional
.build/FOREX_LIVE_FUNDING_IMPLEMENTATION_REPORT.md,modified,OPTIONAL,Audit/cert artifacts,git diff --name-only HEAD,optional
.build/FOREX_POST_DEPLOY_DB_CERTIFICATION.json,modified,OPTIONAL,Audit/cert artifacts,git diff --name-only HEAD,optional
.build/FOREX_POST_DEPLOY_DB_CERTIFICATION.md,modified,OPTIONAL,Audit/cert artifacts,git diff --name-only HEAD,optional
.build/FOREX_RUNTIME_502_FIX_REPORT.md,modified,OPTIONAL,Audit/cert artifacts,git diff --name-only HEAD,optional
.build/I18N_PHASE3_FINAL_CERTIFICATION.md,modified,OPTIONAL,Audit/cert artifacts,git diff --name-only HEAD,optional
.build/forex-live-idor-certification.md,modified,OPTIONAL,Audit/cert artifacts,git diff --name-only HEAD,optional
.build/i18n-deep-forensic-rendered-results.jsonl,modified,OPTIONAL,Audit/cert artifacts,git diff --name-only HEAD,optional
.deploy-rev,modified,DEPLOYMENT_ONLY,VPS deploy tracking,git diff --name-only HEAD,optional
apps/admin-panel/src/app/(protected)/compliance-policy/page.tsx,modified,REQUIRED_BUT_NOT_COMMITTED,Tracked app change vs HEAD,git diff --name-only HEAD,include_in_snapshot
apps/admin-panel/src/app/(protected)/forex/page.tsx,modified,REQUIRED_BUT_NOT_COMMITTED,Tracked app change vs HEAD,git diff --name-only HEAD,include_in_snapshot
apps/admin-panel/src/components/forex/ForexAdminOpsTable.tsx,modified,REQUIRED_BUT_NOT_COMMITTED,Tracked app change vs HEAD,git diff --name-only HEAD,include_in_snapshot
apps/admin-panel/src/components/forex/ForexPolicyPanel.tsx,modified,REQUIRED_BUT_NOT_COMMITTED,Tracked app change vs HEAD,git diff --name-only HEAD,include_in_snapshot
apps/admin-panel/src/components/forex/ForexSectionPage.tsx,modified,REQUIRED_BUT_NOT_COMMITTED,Tracked app change vs HEAD,git diff --name-only HEAD,include_in_snapshot
apps/admin-panel/src/components/forex/panels/ForexCommandDeskPanel.tsx,modified,REQUIRED_BUT_NOT_COMMITTED,Tracked app change vs HEAD,git diff --name-only HEAD,include_in_snapshot
apps/admin-panel/src/components/forex/panels/ForexCrmHomePanel.tsx,modified,REQUIRED_BUT_NOT_COMMITTED,Tracked app change vs HEAD,git diff --name-only HEAD,include_in_snapshot
apps/admin-panel/src/components/forex/panels/ForexInstrumentsPanel.tsx,modified,REQUIRED_BUT_NOT_COMMITTED,Tracked app change vs HEAD,git diff --name-only HEAD,include_in_snapshot
apps/admin-panel/src/components/forex/panels/ForexNotificationsPanel.tsx,modified,REQUIRED_BUT_NOT_COMMITTED,Tracked app change vs HEAD,git diff --name-only HEAD,include_in_snapshot
apps/admin-panel/src/components/forex/panels/ForexProtectionPanel.tsx,modified,REQUIRED_BUT_NOT_COMMITTED,Tracked app change vs HEAD,git diff --name-only HEAD,include_in_snapshot
apps/admin-panel/src/components/forex/panels/ForexSystemPanel.tsx,modified,REQUIRED_BUT_NOT_COMMITTED,Tracked app change vs HEAD,git diff --name-only HEAD,include_in_snapshot
apps/admin-panel/src/components/forex/primitives/ForexPanelShell.tsx,modified,REQUIRED_BUT_NOT_COMMITTED,Tracked app change vs HEAD,git diff --name-only HEAD,include_in_snapshot
apps/admin-panel/src/components/forex/primitives/ForexWorkspaceHeader.tsx,modified,REQUIRED_BUT_NOT_COMMITTED,Tracked app change vs HEAD,git diff --name-only HEAD,include_in_snapshot
apps/admin-panel/src/components/forex/primitives/forex-visual-kit.tsx,modified,REQUIRED_BUT_NOT_COMMITTED,Tracked app change vs HEAD,git diff --name-only HEAD,include_in_snapshot
apps/backend/package.json,modified,REQUIRED_BUT_NOT_COMMITTED,Tracked app change vs HEAD,git diff --name-only HEAD,include_in_snapshot
apps/backend/src/routes/admin-phase1-compliance.fastify.ts,modified,REQUIRED_BUT_NOT_COMMITTED,Tracked app change vs HEAD,git diff --name-only HEAD,include_in_snapshot
apps/backend/src/routes/spot.fastify.ts,modified,REQUIRED_BUT_NOT_COMMITTED,Tracked app change vs HEAD,git diff --name-only HEAD,include_in_snapshot
apps/backend/src/services/admin-approval.service.ts,modified,REQUIRED_BUT_NOT_COMMITTED,Tracked app change vs HEAD,git diff --name-only HEAD,include_in_snapshot
apps/backend/src/services/forex/accounting/models.ts,modified,REQUIRED_BUT_NOT_COMMITTED,Tracked app change vs HEAD,git diff --name-only HEAD,include_in_snapshot
apps/backend/src/services/forex/admin/config.ts,modified,REQUIRED_BUT_NOT_COMMITTED,Tracked app change vs HEAD,git diff --name-only HEAD,include_in_snapshot
apps/backend/src/services/forex/auth/forex-authenticate.ts,modified,REQUIRED_BUT_NOT_COMMITTED,Tracked app change vs HEAD,git diff --name-only HEAD,include_in_snapshot
apps/backend/src/services/forex/config.ts,modified,REQUIRED_BUT_NOT_COMMITTED,Tracked app change vs HEAD,git diff --name-only HEAD,include_in_snapshot
apps/backend/src/services/forex/durability/hydrate.ts,modified,REQUIRED_BUT_NOT_COMMITTED,Tracked app change vs HEAD,git diff --name-only HEAD,include_in_snapshot
apps/backend/src/services/forex/execution/persist.ts,modified,REQUIRED_BUT_NOT_COMMITTED,Tracked app change vs HEAD,git diff --name-only HEAD,include_in_snapshot
apps/backend/src/services/forex/execution/service.ts,modified,REQUIRED_BUT_NOT_COMMITTED,Tracked app change vs HEAD,git diff --name-only HEAD,include_in_snapshot
apps/backend/src/services/forex/forex-demo-cert.test.ts,modified,REQUIRED_BUT_NOT_COMMITTED,Tracked app change vs HEAD,git diff --name-only HEAD,include_in_snapshot
apps/backend/src/services/forex/forex-phase103-candles.test.ts,modified,REQUIRED_BUT_NOT_COMMITTED,Tracked app change vs HEAD,git diff --name-only HEAD,include_in_snapshot
apps/backend/src/services/forex/forex-phase104-preview.test.ts,modified,REQUIRED_BUT_NOT_COMMITTED,Tracked app change vs HEAD,git diff --name-only HEAD,include_in_snapshot
apps/backend/src/services/forex/forex-phase95.test.ts,modified,REQUIRED_BUT_NOT_COMMITTED,Tracked app change vs HEAD,git diff --name-only HEAD,include_in_snapshot
apps/backend/src/services/forex/forex-phase96.test.ts,modified,REQUIRED_BUT_NOT_COMMITTED,Tracked app change vs HEAD,git diff --name-only HEAD,include_in_snapshot
apps/backend/src/services/forex/liquidation/service.ts,modified,REQUIRED_BUT_NOT_COMMITTED,Tracked app change vs HEAD,git diff --name-only HEAD,include_in_snapshot
apps/backend/src/services/forex/market-data/candles.service.ts,modified,REQUIRED_BUT_NOT_COMMITTED,Tracked app change vs HEAD,git diff --name-only HEAD,include_in_snapshot
apps/backend/src/services/forex/market-data/mock-provider.ts,modified,REQUIRED_BUT_NOT_COMMITTED,Tracked app change vs HEAD,git diff --name-only HEAD,include_in_snapshot
apps/backend/src/services/forex/market-data/ohlc-yahoo.ts,modified,REQUIRED_BUT_NOT_COMMITTED,Tracked app change vs HEAD,git diff --name-only HEAD,include_in_snapshot
apps/backend/src/services/forex/market-data/persist.ts,modified,REQUIRED_BUT_NOT_COMMITTED,Tracked app change vs HEAD,git diff --name-only HEAD,include_in_snapshot
apps/backend/src/services/forex/market-data/worker.ts,modified,REQUIRED_BUT_NOT_COMMITTED,Tracked app change vs HEAD,git diff --name-only HEAD,include_in_snapshot
apps/backend/src/services/forex/orders/close.ts,modified,REQUIRED_BUT_NOT_COMMITTED,Tracked app change vs HEAD,git diff --name-only HEAD,include_in_snapshot
apps/backend/src/services/forex/orders/models.ts,modified,REQUIRED_BUT_NOT_COMMITTED,Tracked app change vs HEAD,git diff --name-only HEAD,include_in_snapshot
apps/backend/src/services/forex/orders/pending.ts,modified,REQUIRED_BUT_NOT_COMMITTED,Tracked app change vs HEAD,git diff --name-only HEAD,include_in_snapshot
apps/backend/src/services/forex/orders/persist.ts,modified,REQUIRED_BUT_NOT_COMMITTED,Tracked app change vs HEAD,git diff --name-only HEAD,include_in_snapshot
apps/backend/src/services/forex/orders/preview.ts,modified,REQUIRED_BUT_NOT_COMMITTED,Tracked app change vs HEAD,git diff --name-only HEAD,include_in_snapshot
apps/backend/src/services/forex/orders/request.ts,modified,REQUIRED_BUT_NOT_COMMITTED,Tracked app change vs HEAD,git diff --name-only HEAD,include_in_snapshot
apps/backend/src/services/forex/orders/states.ts,modified,REQUIRED_BUT_NOT_COMMITTED,Tracked app change vs HEAD,git diff --name-only HEAD,include_in_snapshot
apps/backend/src/services/forex/positions/mode.ts,modified,REQUIRED_BUT_NOT_COMMITTED,Tracked app change vs HEAD,git diff --name-only HEAD,include_in_snapshot
apps/backend/src/services/forex/positions/models.ts,modified,REQUIRED_BUT_NOT_COMMITTED,Tracked app change vs HEAD,git diff --name-only HEAD,include_in_snapshot
apps/backend/src/services/forex/positions/service.ts,modified,REQUIRED_BUT_NOT_COMMITTED,Tracked app change vs HEAD,git diff --name-only HEAD,include_in_snapshot
apps/backend/src/services/forex/positions/store.ts,modified,REQUIRED_BUT_NOT_COMMITTED,Tracked app change vs HEAD,git diff --name-only HEAD,include_in_snapshot
apps/backend/src/services/forex/protection/models.ts,modified,REQUIRED_BUT_NOT_COMMITTED,Tracked app change vs HEAD,git diff --name-only HEAD,include_in_snapshot
apps/backend/src/services/forex/protection/persist.ts,modified,REQUIRED_BUT_NOT_COMMITTED,Tracked app change vs HEAD,git diff --name-only HEAD,include_in_snapshot
apps/backend/src/services/forex/protection/runtime.ts,modified,REQUIRED_BUT_NOT_COMMITTED,Tracked app change vs HEAD,git diff --name-only HEAD,include_in_snapshot
apps/backend/src/services/forex/protection/service.ts,modified,REQUIRED_BUT_NOT_COMMITTED,Tracked app change vs HEAD,git diff --name-only HEAD,include_in_snapshot
apps/backend/src/services/forex/quotes.service.ts,modified,REQUIRED_BUT_NOT_COMMITTED,Tracked app change vs HEAD,git diff --name-only HEAD,include_in_snapshot
apps/backend/src/services/forex/risk/policy.ts,modified,REQUIRED_BUT_NOT_COMMITTED,Tracked app change vs HEAD,git diff --name-only HEAD,include_in_snapshot
apps/backend/src/services/forex/risk/pretrade.ts,modified,REQUIRED_BUT_NOT_COMMITTED,Tracked app change vs HEAD,git diff --name-only HEAD,include_in_snapshot
apps/backend/src/services/forex/risk/service.ts,modified,REQUIRED_BUT_NOT_COMMITTED,Tracked app change vs HEAD,git diff --name-only HEAD,include_in_snapshot
apps/backend/src/services/forex/swap/engine.ts,modified,REQUIRED_BUT_NOT_COMMITTED,Tracked app change vs HEAD,git diff --name-only HEAD,include_in_snapshot
apps/backend/src/services/forex/swap/policy.ts,modified,REQUIRED_BUT_NOT_COMMITTED,Tracked app change vs HEAD,git diff --name-only HEAD,include_in_snapshot
apps/backend/src/services/forex/swap/service.ts,modified,REQUIRED_BUT_NOT_COMMITTED,Tracked app change vs HEAD,git diff --name-only HEAD,include_in_snapshot
apps/backend/src/services/maker-checker-execute.service.ts,modified,REQUIRED_BUT_NOT_COMMITTED,Tracked app change vs HEAD,git diff --name-only HEAD,include_in_snapshot
apps/backend/src/services/platform-public-metrics.service.ts,modified,REQUIRED_BUT_NOT_COMMITTED,Tracked app change vs HEAD,git diff --name-only HEAD,include_in_snapshot
apps/backend/tsconfig.json,modified,REQUIRED_BUT_NOT_COMMITTED,Tracked app change vs HEAD,git diff --name-only HEAD,include_in_snapshot
infra/docker-compose.monitoring.yml,modified,REQUIRED_BUT_NOT_COMMITTED,Tracked app change vs HEAD,git diff --name-only HEAD,include_in_snapshot
scripts/vps-backup-db.sh,modified,REQUIRED_BUT_NOT_COMMITTED,Tracked app change vs HEAD,git diff --name-only HEAD,include_in_snapshot
scripts/vps-migrate.sh,modified,REQUIRED_BUT_NOT_COMMITTED,Tracked app change vs HEAD,git diff --name-only HEAD,include_in_snapshot
.build/ADMIN_CERTIFICATION_GAP_FORENSIC_AUDIT.json,untracked,OPTIONAL,Audit/cert artifacts,git ls-files --others --exclude-standard,optional
.build/ADMIN_CERTIFICATION_GAP_FORENSIC_AUDIT.md,untracked,OPTIONAL,Audit/cert artifacts,git ls-files --others --exclude-standard,optional
.build/ADMIN_CRYPTO_SAFETY_MAP.json,untracked,OPTIONAL,Audit/cert artifacts,git ls-files --others --exclude-standard,optional
.build/ADMIN_DATABASE_AUTHORITY_MAP.json,untracked,OPTIONAL,Audit/cert artifacts,git ls-files --others --exclude-standard,optional
.build/ADMIN_DOMAIN_BOUNDARY_MATRIX.json,untracked,OPTIONAL,Audit/cert artifacts,git ls-files --others --exclude-standard,optional
.build/ADMIN_FEATURE_MATRIX.json,untracked,OPTIONAL,Audit/cert artifacts,git ls-files --others --exclude-standard,optional
.build/ADMIN_FORENSIC_AUDIT.json,untracked,OPTIONAL,Audit/cert artifacts,git ls-files --others --exclude-standard,optional
.build/ADMIN_FORENSIC_AUDIT.md,untracked,OPTIONAL,Audit/cert artifacts,git ls-files --others --exclude-standard,optional
.build/ADMIN_FOREX_SAFETY_MAP.json,untracked,OPTIONAL,Audit/cert artifacts,git ls-files --others --exclude-standard,optional
.build/ADMIN_GAP_REGISTER.json,untracked,OPTIONAL,Audit/cert artifacts,git ls-files --others --exclude-standard,optional
.build/ADMIN_ISOLATED_RBAC_CERTIFICATION.json,untracked,OPTIONAL,Audit/cert artifacts,git ls-files --others --exclude-standard,optional
.build/ADMIN_ISOLATED_RBAC_UI_MATRIX.json,untracked,OPTIONAL,Audit/cert artifacts,git ls-files --others --exclude-standard,optional
.build/ADMIN_RBAC_MATRIX.json,untracked,OPTIONAL,Audit/cert artifacts,git ls-files --others --exclude-standard,optional
.build/ADMIN_REFACTOR_PLAN.md,untracked,OPTIONAL,Audit/cert artifacts,git ls-files --others --exclude-standard,optional
.build/ADMIN_REPOSITORY_MAP.json,untracked,OPTIONAL,Audit/cert artifacts,git ls-files --others --exclude-standard,optional
.build/ADMIN_ROUTE_MAP.json,untracked,OPTIONAL,Audit/cert artifacts,git ls-files --others --exclude-standard,optional
.build/ADMIN_RUNTIME_CERTIFICATION.json,untracked,OPTIONAL,Audit/cert artifacts,git ls-files --others --exclude-standard,optional
.build/ADMIN_RUNTIME_CLOSURE_CERTIFICATION.md,untracked,OPTIONAL,Audit/cert artifacts,git ls-files --others --exclude-standard,optional
.build/ADMIN_SECURITY_AUDIT.json,untracked,OPTIONAL,Audit/cert artifacts,git ls-files --others --exclude-standard,optional
.build/ADMIN_SHARED_CONTROL_MAP.json,untracked,OPTIONAL,Audit/cert artifacts,git ls-files --others --exclude-standard,optional
.build/ADMIN_SHELL_RUNTIME_CERTIFICATION.md,untracked,OPTIONAL,Audit/cert artifacts,git ls-files --others --exclude-standard,optional
.build/ADMIN_TARGET_ARCHITECTURE.md,untracked,OPTIONAL,Audit/cert artifacts,git ls-files --others --exclude-standard,optional
.build/ADMIN_UI_ROUTE_MAP.json,untracked,OPTIONAL,Audit/cert artifacts,git ls-files --others --exclude-standard,optional
.build/FDA_BETA_AUDIT_ADMIN.md,untracked,OPTIONAL,Audit/cert artifacts,git ls-files --others --exclude-standard,optional
.build/FDA_BETA_AUDIT_BASELINE.md,untracked,OPTIONAL,Audit/cert artifacts,git ls-files --others --exclude-standard,optional
.build/FDA_BETA_AUDIT_CRYPTO.md,untracked,OPTIONAL,Audit/cert artifacts,git ls-files --others --exclude-standard,optional
.build/FDA_BETA_AUDIT_CUSTOMER.md,untracked,OPTIONAL,Audit/cert artifacts,git ls-files --others --exclude-standard,optional
.build/FDA_BETA_AUDIT_DATABASE.md,untracked,OPTIONAL,Audit/cert artifacts,git ls-files --others --exclude-standard,optional
.build/FDA_BETA_AUDIT_EXECUTIVE.md,untracked,OPTIONAL,Audit/cert artifacts,git ls-files --others --exclude-standard,optional
.build/FDA_BETA_AUDIT_FINAL_STATUS.md,untracked,OPTIONAL,Audit/cert artifacts,git ls-files --others --exclude-standard,optional
.build/FDA_BETA_AUDIT_FOREX.md,untracked,OPTIONAL,Audit/cert artifacts,git ls-files --others --exclude-standard,optional
.build/FDA_BETA_AUDIT_GAP_MATRIX.json,untracked,OPTIONAL,Audit/cert artifacts,git ls-files --others --exclude-standard,optional
.build/FDA_BETA_AUDIT_INFRASTRUCTURE.md,untracked,OPTIONAL,Audit/cert artifacts,git ls-files --others --exclude-standard,optional
.build/FDA_BETA_AUDIT_INTEGRATIONS.md,untracked,OPTIONAL,Audit/cert artifacts,git ls-files --others --exclude-standard,optional
.build/FDA_BETA_AUDIT_SECURITY.md,untracked,OPTIONAL,Audit/cert artifacts,git ls-files --others --exclude-standard,optional
.build/FDA_BETA_REPOSITORY_ARCHITECTURE.md,untracked,OPTIONAL,Audit/cert artifacts,git ls-files --others --exclude-standard,optional
.build/FINAL_ADMIN_SHELL_CERTIFICATION.md,untracked,OPTIONAL,Audit/cert artifacts,git ls-files --others --exclude-standard,optional
.build/FINAL_ADMIN_SHELL_CLOSURE_CERT.json,untracked,OPTIONAL,Audit/cert artifacts,git ls-files --others --exclude-standard,optional
.build/FOREX_COMPLETE_BUILD_FINAL_REPORT.md,untracked,OPTIONAL,Audit/cert artifacts,git ls-files --others --exclude-standard,optional
.build/FOREX_CRYPTO_TERMINAL_VISUAL_FORENSIC_AUDIT.md,untracked,OPTIONAL,Audit/cert artifacts,git ls-files --others --exclude-standard,optional
.build/FOREX_CUSTOMER_ACCOUNT_LIFECYCLE_MATRIX.json,untracked,OPTIONAL,Audit/cert artifacts,git ls-files --others --exclude-standard,optional
.build/FOREX_CUSTOMER_CAPABILITY_MATRIX.md,untracked,OPTIONAL,Audit/cert artifacts,git ls-files --others --exclude-standard,optional
.build/FOREX_CUSTOMER_FEATURE_GAP_MATRIX.json,untracked,OPTIONAL,Audit/cert artifacts,git ls-files --others --exclude-standard,optional
.build/FOREX_CUSTOMER_IMPLEMENTATION_ROADMAP.md,untracked,OPTIONAL,Audit/cert artifacts,git ls-files --others --exclude-standard,optional
.build/FOREX_CUSTOMER_JOURNEYS.md,untracked,OPTIONAL,Audit/cert artifacts,git ls-files --others --exclude-standard,optional
.build/FOREX_CUSTOMER_PRODUCT_COMPLETENESS_AUDIT.md,untracked,OPTIONAL,Audit/cert artifacts,git ls-files --others --exclude-standard,optional
.build/FOREX_CUSTOMER_TARGET_IA.md,untracked,OPTIONAL,Audit/cert artifacts,git ls-files --others --exclude-standard,optional
.build/FOREX_CUSTOMER_UI_FORENSIC_AUDIT.json,untracked,OPTIONAL,Audit/cert artifacts,git ls-files --others --exclude-standard,optional
.build/FOREX_CUSTOMER_UI_FORENSIC_AUDIT.md,untracked,OPTIONAL,Audit/cert artifacts,git ls-files --others --exclude-standard,optional
.build/FOREX_CUSTOMER_UI_VISUAL_BLUEPRINT.md,untracked,OPTIONAL,Audit/cert artifacts,git ls-files --others --exclude-standard,optional
.build/FOREX_CUSTOMER_UX_DECISION_TABLE.md,untracked,OPTIONAL,Audit/cert artifacts,git ls-files --others --exclude-standard,optional
.build/FOREX_CUSTOMER_UX_IA_FRESH_AUDIT.md,untracked,OPTIONAL,Audit/cert artifacts,git ls-files --others --exclude-standard,optional
.build/FOREX_CUSTOMER_UX_IMPLEMENTATION_PLAN.md,untracked,OPTIONAL,Audit/cert artifacts,git ls-files --others --exclude-standard,optional
.build/FOREX_CUSTOMER_UX_ROUTE_MATRIX.json,untracked,OPTIONAL,Audit/cert artifacts,git ls-files --others --exclude-standard,optional
.build/FOREX_CUSTOMER_UX_RUNTIME_CERTIFICATION.md,untracked,OPTIONAL,Audit/cert artifacts,git ls-files --others --exclude-standard,optional
.build/FOREX_FINAL_AUTONOMOUS_COMPLETION_REPORT.md,untracked,OPTIONAL,Audit/cert artifacts,git ls-files --others --exclude-standard,optional
.build/FOREX_FINAL_AUTONOMOUS_E2E_MATRIX.md,untracked,OPTIONAL,Audit/cert artifacts,git ls-files --others --exclude-standard,optional
.build/FOREX_FINAL_AUTONOMOUS_GAP_REGISTER.json,untracked,OPTIONAL,Audit/cert artifacts,git ls-files --others --exclude-standard,optional
.build/FOREX_MT5_CHART_DEPLOYMENT_PROOF.md,untracked,OPTIONAL,Audit/cert artifacts,git ls-files --others --exclude-standard,optional
.build/FOREX_MT5_GAP_MATRIX.md,untracked,OPTIONAL,Audit/cert artifacts,git ls-files --others --exclude-standard,optional
.build/FOREX_PASS3_FINAL_COMPLETION_MATRIX.md,untracked,OPTIONAL,Audit/cert artifacts,git ls-files --others --exclude-standard,optional
.build/FOREX_PREDEPLOYMENT_SNAPSHOT.md,untracked,OPTIONAL,Audit/cert artifacts,git ls-files --others --exclude-standard,optional
.build/FOREX_PRODUCTION_FRONTEND_REDEPLOY_REPORT.md,untracked,OPTIONAL,Audit/cert artifacts,git ls-files --others --exclude-standard,optional
.build/I18N_FORENSIC_AUDIT.md,untracked,OPTIONAL,Audit/cert artifacts,git ls-files --others --exclude-standard,optional
.build/I18N_PHASE1_1_HARDENING_REPORT.md,untracked,OPTIONAL,Audit/cert artifacts,git ls-files --others --exclude-standard,optional
.build/I18N_PHASE1_IMPLEMENTATION_REPORT.md,untracked,OPTIONAL,Audit/cert artifacts,git ls-files --others --exclude-standard,optional
.build/I18N_PHASE2_IMPLEMENTATION_REPORT.md,untracked,OPTIONAL,Audit/cert artifacts,git ls-files --others --exclude-standard,optional
.build/I18N_PRODUCTION_PARITY_GATE.md,untracked,OPTIONAL,Audit/cert artifacts,git ls-files --others --exclude-standard,optional
.build/ISOLATED_ADMIN_RBAC_UI_CERTIFICATION.md,untracked,OPTIONAL,Audit/cert artifacts,git ls-files --others --exclude-standard,optional
.build/SAFE_POINT_PRE_I18N_20260921-125800.md,untracked,OPTIONAL,Audit/cert artifacts,git ls-files --others --exclude-standard,optional
.build/THIRD_PARTY_CUSTOMER_IA_AUDIT.md,untracked,OPTIONAL,Audit/cert artifacts,git ls-files --others --exclude-standard,optional
.build/THIRD_PARTY_CUSTOMER_IA_DECISION_TABLE.md,untracked,OPTIONAL,Audit/cert artifacts,git ls-files --others --exclude-standard,optional
.build/THIRD_PARTY_CUSTOMER_IA_ROUTE_MATRIX.json,untracked,OPTIONAL,Audit/cert artifacts,git ls-files --others --exclude-standard,optional
.build/_PHASE1_1_BEFORE_status.txt,untracked,OPTIONAL,Audit/cert artifacts,git ls-files --others --exclude-standard,optional
.build/_PHASE1_I18N_BEFORE_manifest.txt,untracked,OPTIONAL,Audit/cert artifacts,git ls-files --others --exclude-standard,optional
.build/_PHASE1_I18N_BEFORE_status.txt,untracked,OPTIONAL,Audit/cert artifacts,git ls-files --others --exclude-standard,optional
.build/_PHASE2_BEFORE_status.txt,untracked,OPTIONAL,Audit/cert artifacts,git ls-files --others --exclude-standard,optional
.build/_SAFE_POINT_PRE_I18N_20260921-125800_manifest.txt,untracked,OPTIONAL,Audit/cert artifacts,git ls-files --others --exclude-standard,optional
.build/_i18n_toast_block2.py,untracked,OPTIONAL,Audit/cert artifacts,git ls-files --others --exclude-standard,optional
.build/_i18n_toast_block2b.py,untracked,OPTIONAL,Audit/cert artifacts,git ls-files --others --exclude-standard,optional
.build/admin-cert-screenshots/login-http_127_0_0_1_3001_admin.png,untracked,OPTIONAL,Audit/cert artifacts,git ls-files --others --exclude-standard,optional
.build/admin-cert-screenshots/login-http_127_0_0_1_3001_login.png,untracked,OPTIONAL,Audit/cert artifacts,git ls-files --others --exclude-standard,optional
.build/admin-cert-screenshots/login-http_127_0_0_1_admin.png,untracked,OPTIONAL,Audit/cert artifacts,git ls-files --others --exclude-standard,optional
.build/admin-cert-screenshots/login-http_127_0_0_1_admin_login.png,untracked,OPTIONAL,Audit/cert artifacts,git ls-files --others --exclude-standard,optional
.build/admin-isolated-rbac-matrix-cert.mjs,untracked,OPTIONAL,Audit/cert artifacts,git ls-files --others --exclude-standard,optional
.build/admin-isolated-rbac-ui-cert.mjs,untracked,OPTIONAL,Audit/cert artifacts,git ls-files --others --exclude-standard,optional
.build/admin-login-diagnose.json,untracked,OPTIONAL,Audit/cert artifacts,git ls-files --others --exclude-standard,optional
.build/admin-login-diagnose.mjs,untracked,OPTIONAL,Audit/cert artifacts,git ls-files --others --exclude-standard,optional
.build/admin-runtime-closure-cert.mjs,untracked,OPTIONAL,Audit/cert artifacts,git ls-files --others --exclude-standard,optional
.build/admin-shell-viewport-cert.mjs,untracked,OPTIONAL,Audit/cert artifacts,git ls-files --others --exclude-standard,optional
.build/config-f2-baseline.ts,untracked,OPTIONAL,Audit/cert artifacts,git ls-files --others --exclude-standard,optional
.build/config-f3-baseline.ts,untracked,OPTIONAL,Audit/cert artifacts,git ls-files --others --exclude-standard,optional
.build/config.ts.wip-backup,untracked,OPTIONAL,Audit/cert artifacts,git ls-files --others --exclude-standard,optional
.build/deploy-git-sha.txt,untracked,OPTIONAL,Audit/cert artifacts,git ls-files --others --exclude-standard,optional
.build/docker-recovery-override.yml,untracked,OPTIONAL,Audit/cert artifacts,git ls-files --others --exclude-standard,optional
.build/final-admin-shell-closure-cert.mjs,untracked,OPTIONAL,Audit/cert artifacts,git ls-files --others --exclude-standard,optional
.build/forex-admin-exhaustive-idor.json,untracked,OPTIONAL,Audit/cert artifacts,git ls-files --others --exclude-standard,optional
.build/forex-admin-page-health.json,untracked,OPTIONAL,Audit/cert artifacts,git ls-files --others --exclude-standard,optional
.build/forex-admin-system-map.json,untracked,OPTIONAL,Audit/cert artifacts,git ls-files --others --exclude-standard,optional
.build/forex-admin-ui-e2e.out,untracked,OPTIONAL,Audit/cert artifacts,git ls-files --others --exclude-standard,optional
.build/forex-admin-ui-e2e.pid,untracked,OPTIONAL,Audit/cert artifacts,git ls-files --others --exclude-standard,optional
.build/forex-cert-admin-ui.pid,untracked,OPTIONAL,Audit/cert artifacts,git ls-files --others --exclude-standard,optional
.build/forex-cert-api-suite.json,untracked,OPTIONAL,Audit/cert artifacts,git ls-files --others --exclude-standard,optional
.build/forex-cert-idor-matrix-run.json,untracked,OPTIONAL,Audit/cert artifacts,git ls-files --others --exclude-standard,optional
.build/forex-cert-idor-matrix.json,untracked,OPTIONAL,Audit/cert artifacts,git ls-files --others --exclude-standard,optional
.build/forex-complete-build-inventory.json,untracked,OPTIONAL,Audit/cert artifacts,git ls-files --others --exclude-standard,optional
.build/forex-complete-gap-register.json,untracked,OPTIONAL,Audit/cert artifacts,git ls-files --others --exclude-standard,optional
.build/forex-crypto-regression.json,untracked,OPTIONAL,Audit/cert artifacts,git ls-files --others --exclude-standard,optional
.build/forex-customer-deep-audit.json,untracked,OPTIONAL,Audit/cert artifacts,git ls-files --others --exclude-standard,optional
.build/forex-customer-deep-audit.md,untracked,OPTIONAL,Audit/cert artifacts,git ls-files --others --exclude-standard,optional
.build/forex-customer-ecosystem-final-audit.json,untracked,OPTIONAL,Audit/cert artifacts,git ls-files --others --exclude-standard,optional
.build/forex-customer-ecosystem-final-audit.md,untracked,OPTIONAL,Audit/cert artifacts,git ls-files --others --exclude-standard,optional
.build/forex-customer-ecosystem-gap-matrix.json,untracked,OPTIONAL,Audit/cert artifacts,git ls-files --others --exclude-standard,optional
.build/forex-customer-ecosystem-gap-matrix.md,untracked,OPTIONAL,Audit/cert artifacts,git ls-files --others --exclude-standard,optional
.build/forex-customer-terminal-completion.json,untracked,OPTIONAL,Audit/cert artifacts,git ls-files --others --exclude-standard,optional
.build/forex-customer-terminal-completion.md,untracked,OPTIONAL,Audit/cert artifacts,git ls-files --others --exclude-standard,optional
.build/forex-customer-terminal-fresh-forensic-audit.json,untracked,OPTIONAL,Audit/cert artifacts,git ls-files --others --exclude-standard,optional
.build/forex-customer-terminal-fresh-forensic-audit.md,untracked,OPTIONAL,Audit/cert artifacts,git ls-files --others --exclude-standard,optional
.build/forex-customer-terminal-second-confirmation-audit.json,untracked,OPTIONAL,Audit/cert artifacts,git ls-files --others --exclude-standard,optional
.build/forex-customer-terminal-second-confirmation-audit.md,untracked,OPTIONAL,Audit/cert artifacts,git ls-files --others --exclude-standard,optional
.build/forex-customer-ui-certification.json,untracked,OPTIONAL,Audit/cert artifacts,git ls-files --others --exclude-standard,optional
.build/forex-customer-ui-certification.md,untracked,OPTIONAL,Audit/cert artifacts,git ls-files --others --exclude-standard,optional
.build/forex-customer-ui-gap-matrix.json,untracked,OPTIONAL,Audit/cert artifacts,git ls-files --others --exclude-standard,optional
.build/forex-customer-ui-gap-matrix.md,untracked,OPTIONAL,Audit/cert artifacts,git ls-files --others --exclude-standard,optional
.build/forex-customer-ui-phase2-verification.json,untracked,OPTIONAL,Audit/cert artifacts,git ls-files --others --exclude-standard,optional
.build/forex-customer-ui-phase2-verification.md,untracked,OPTIONAL,Audit/cert artifacts,git ls-files --others --exclude-standard,optional
.build/forex-customer-ui-screenshots.mjs,untracked,OPTIONAL,Audit/cert artifacts,git ls-files --others --exclude-standard,optional
.build/forex-deployment-diff.json,untracked,OPTIONAL,Audit/cert artifacts,git ls-files --others --exclude-standard,optional
.build/forex-execution-capability-matrix.json,untracked,OPTIONAL,Audit/cert artifacts,git ls-files --others --exclude-standard,optional
.build/forex-final-completion-baseline.json,untracked,OPTIONAL,Audit/cert artifacts,git ls-files --others --exclude-standard,optional
.build/forex-final-completion-baseline.md,untracked,OPTIONAL,Audit/cert artifacts,git ls-files --others --exclude-standard,optional
.build/forex-final-gap-elimination-pass.json,untracked,OPTIONAL,Audit/cert artifacts,git ls-files --others --exclude-standard,optional
.build/forex-final-gap-elimination-pass.md,untracked,OPTIONAL,Audit/cert artifacts,git ls-files --others --exclude-standard,optional
.build/forex-final-green-closure-baseline.json,untracked,OPTIONAL,Audit/cert artifacts,git ls-files --others --exclude-standard,optional
.build/forex-final-green-closure-baseline.md,untracked,OPTIONAL,Audit/cert artifacts,git ls-files --others --exclude-standard,optional
.build/forex-final-green-closure-certification.json,untracked,OPTIONAL,Audit/cert artifacts,git ls-files --others --exclude-standard,optional
.build/forex-final-green-closure-certification.md,untracked,OPTIONAL,Audit/cert artifacts,git ls-files --others --exclude-standard,optional
.build/forex-final-system-discovery.json,untracked,OPTIONAL,Audit/cert artifacts,git ls-files --others --exclude-standard,optional
.build/forex-final-terminal-completion.json,untracked,OPTIONAL,Audit/cert artifacts,git ls-files --others --exclude-standard,optional
.build/forex-final-terminal-completion.md,untracked,OPTIONAL,Audit/cert artifacts,git ls-files --others --exclude-standard,optional
.build/forex-final-terminal-green-candidate.json,untracked,OPTIONAL,Audit/cert artifacts,git ls-files --others --exclude-standard,optional
.build/forex-final-terminal-green-candidate.md,untracked,OPTIONAL,Audit/cert artifacts,git ls-files --others --exclude-standard,optional
.build/forex-gtd-alert-persistence-state.json,untracked,OPTIONAL,Audit/cert artifacts,git ls-files --others --exclude-standard,optional
.build/forex-gtd-alert-persistence.json,untracked,OPTIONAL,Audit/cert artifacts,git ls-files --others --exclude-standard,optional
.build/forex-leads-shell-check.png,untracked,OPTIONAL,Audit/cert artifacts,git ls-files --others --exclude-standard,optional
.build/forex-live-ui-verification.json,untracked,OPTIONAL,Audit/cert artifacts,git ls-files --others --exclude-standard,optional
.build/forex-market-runtime-deferred.json,untracked,OPTIONAL,Audit/cert artifacts,git ls-files --others --exclude-standard,optional
.build/forex-market-runtime-deferred.md,untracked,OPTIONAL,Audit/cert artifacts,git ls-files --others --exclude-standard,optional
.build/forex-master-gap-register.json,untracked,OPTIONAL,Audit/cert artifacts,git ls-files --others --exclude-standard,optional
.build/forex-master-phase4-phase5-status.json,untracked,OPTIONAL,Audit/cert artifacts,git ls-files --others --exclude-standard,optional
.build/forex-master-phase4-phase5-status.md,untracked,OPTIONAL,Audit/cert artifacts,git ls-files --others --exclude-standard,optional
.build/forex-master-roadmap-baseline.json,untracked,OPTIONAL,Audit/cert artifacts,git ls-files --others --exclude-standard,optional
.build/forex-master-roadmap-baseline.md,untracked,OPTIONAL,Audit/cert artifacts,git ls-files --others --exclude-standard,optional
.build/forex-master-roadmap-certification.json,untracked,OPTIONAL,Audit/cert artifacts,git ls-files --others --exclude-standard,optional
.build/forex-master-roadmap-certification.md,untracked,OPTIONAL,Audit/cert artifacts,git ls-files --others --exclude-standard,optional
.build/forex-master-system-inventory.json,untracked,OPTIONAL,Audit/cert artifacts,git ls-files --others --exclude-standard,optional
.build/forex-mt5-admin-inventory.json,untracked,OPTIONAL,Audit/cert artifacts,git ls-files --others --exclude-standard,optional
.build/forex-mt5-capability-audit.json,untracked,OPTIONAL,Audit/cert artifacts,git ls-files --others --exclude-standard,optional
.build/forex-mt5-capability-audit.md,untracked,OPTIONAL,Audit/cert artifacts,git ls-files --others --exclude-standard,optional
.build/forex-mt5-capability-final.json,untracked,OPTIONAL,Audit/cert artifacts,git ls-files --others --exclude-standard,optional
.build/forex-mt5-capability-final.md,untracked,OPTIONAL,Audit/cert artifacts,git ls-files --others --exclude-standard,optional
.build/forex-mt5-execution-journal.md,untracked,OPTIONAL,Audit/cert artifacts,git ls-files --others --exclude-standard,optional
.build/forex-mt5-market-dependent-gap-register.json,untracked,OPTIONAL,Audit/cert artifacts,git ls-files --others --exclude-standard,optional
.build/forex-mt5-market-dependent-gap-register.md,untracked,OPTIONAL,Audit/cert artifacts,git ls-files --others --exclude-standard,optional
.build/forex-mt5-parity-audit.json,untracked,OPTIONAL,Audit/cert artifacts,git ls-files --others --exclude-standard,optional
.build/forex-mt5-parity-audit.md,untracked,OPTIONAL,Audit/cert artifacts,git ls-files --others --exclude-standard,optional
.build/forex-mt5-parity-baseline.json,untracked,OPTIONAL,Audit/cert artifacts,git ls-files --others --exclude-standard,optional
.build/forex-mt5-parity-baseline.md,untracked,OPTIONAL,Audit/cert artifacts,git ls-files --others --exclude-standard,optional
.build/forex-mt5-parity-final.json,untracked,OPTIONAL,Audit/cert artifacts,git ls-files --others --exclude-standard,optional
.build/forex-mt5-parity-final.md,untracked,OPTIONAL,Audit/cert artifacts,git ls-files --others --exclude-standard,optional
.build/forex-multi-account-runtime-cert-runner.ts,untracked,OPTIONAL,Audit/cert artifacts,git ls-files --others --exclude-standard,optional
.build/forex-p0-p1-final.json,untracked,OPTIONAL,Audit/cert artifacts,git ls-files --others --exclude-standard,optional
.build/forex-p0-p1-final.md,untracked,OPTIONAL,Audit/cert artifacts,git ls-files --others --exclude-standard,optional
.build/forex-p0-p1-gap-register.json,untracked,OPTIONAL,Audit/cert artifacts,git ls-files --others --exclude-standard,optional
.build/forex-p0-p1-gap-register.md,untracked,OPTIONAL,Audit/cert artifacts,git ls-files --others --exclude-standard,optional
.build/forex-p3b-qa-reconcile-fix.json,untracked,OPTIONAL,Audit/cert artifacts,git ls-files --others --exclude-standard,optional
.build/forex-p3b-qa-reconcile-fix.md,untracked,OPTIONAL,Audit/cert artifacts,git ls-files --others --exclude-standard,optional
.build/forex-pass3-account-lifecycle-e2e.json,untracked,OPTIONAL,Audit/cert artifacts,git ls-files --others --exclude-standard,optional
.build/forex-pass3-automation-e2e.json,untracked,OPTIONAL,Audit/cert artifacts,git ls-files --others --exclude-standard,optional
.build/forex-pass3-crm-convert-e2e.json,untracked,OPTIONAL,Audit/cert artifacts,git ls-files --others --exclude-standard,optional
.build/forex-pass3-finance-e2e.json,untracked,OPTIONAL,Audit/cert artifacts,git ls-files --others --exclude-standard,optional
.build/forex-pass3-gap-register.json,untracked,OPTIONAL,Audit/cert artifacts,git ls-files --others --exclude-standard,optional
.build/forex-pass3-ib-payout-e2e.json,untracked,OPTIONAL,Audit/cert artifacts,git ls-files --others --exclude-standard,optional
.build/forex-pass3-regression-summary.json,untracked,OPTIONAL,Audit/cert artifacts,git ls-files --others --exclude-standard,optional
.build/forex-phase1-market-data-contract-implementation.json,untracked,OPTIONAL,Audit/cert artifacts,git ls-files --others --exclude-standard,optional
.build/forex-phase1-market-data-contract-implementation.md,untracked,OPTIONAL,Audit/cert artifacts,git ls-files --others --exclude-standard,optional
.build/forex-phase1-runtime-verification.json,untracked,OPTIONAL,Audit/cert artifacts,git ls-files --others --exclude-standard,optional
.build/forex-phase1-runtime-verification.md,untracked,OPTIONAL,Audit/cert artifacts,git ls-files --others --exclude-standard,optional
.build/forex-phase11-runtime-certification.json,untracked,OPTIONAL,Audit/cert artifacts,git ls-files --others --exclude-standard,optional
.build/forex-phase11-runtime-certification.md,untracked,OPTIONAL,Audit/cert artifacts,git ls-files --others --exclude-standard,optional
.build/forex-phase2-capability-runtime-lock.json,untracked,OPTIONAL,Audit/cert artifacts,git ls-files --others --exclude-standard,optional
.build/forex-phase2-capability-runtime-lock.md,untracked,OPTIONAL,Audit/cert artifacts,git ls-files --others --exclude-standard,optional
.build/forex-phase2-deployment-manifest.json,untracked,OPTIONAL,Audit/cert artifacts,git ls-files --others --exclude-standard,optional
.build/forex-phase2-deployment-manifest.md,untracked,OPTIONAL,Audit/cert artifacts,git ls-files --others --exclude-standard,optional
.build/forex-phase2-final-certification.json,untracked,OPTIONAL,Audit/cert artifacts,git ls-files --others --exclude-standard,optional
.build/forex-phase2-final-certification.md,untracked,OPTIONAL,Audit/cert artifacts,git ls-files --others --exclude-standard,optional
.build/forex-phase2-journal-lockdown-b-evidence.json,untracked,OPTIONAL,Audit/cert artifacts,git ls-files --others --exclude-standard,optional
.build/forex-phase2-journal-lockdown-b-run.py,untracked,OPTIONAL,Audit/cert artifacts,git ls-files --others --exclude-standard,optional
.build/forex-phase2-journal-runtime-certification.json,untracked,OPTIONAL,Audit/cert artifacts,git ls-files --others --exclude-standard,optional
.build/forex-phase2-journal-runtime-certification.md,untracked,OPTIONAL,Audit/cert artifacts,git ls-files --others --exclude-standard,optional
.build/forex-phase2-lockdown-qa-journeys.json,untracked,OPTIONAL,Audit/cert artifacts,git ls-files --others --exclude-standard,optional
.build/forex-phase2-lockdown-trade-ui.png,untracked,OPTIONAL,Audit/cert artifacts,git ls-files --others --exclude-standard,optional
.build/forex-phase2-lockdown-trading-config-post-cert.json,untracked,OPTIONAL,Audit/cert artifacts,git ls-files --others --exclude-standard,optional
.build/forex-phase2-lockdown-trading-config-pre-cert.json,untracked,OPTIONAL,Audit/cert artifacts,git ls-files --others --exclude-standard,optional
.build/forex-phase2-lockdown-ui-evidence.json,untracked,OPTIONAL,Audit/cert artifacts,git ls-files --others --exclude-standard,optional
.build/forex-phase2-predeploy.json,untracked,OPTIONAL,Audit/cert artifacts,git ls-files --others --exclude-standard,optional
.build/forex-phase2-predeploy.md,untracked,OPTIONAL,Audit/cert artifacts,git ls-files --others --exclude-standard,optional
.build/forex-phase3-customer-execution-cert-results.json,untracked,OPTIONAL,Audit/cert artifacts,git ls-files --others --exclude-standard,optional
.build/forex-phase3-day-expiry-live-certification.json,untracked,OPTIONAL,Audit/cert artifacts,git ls-files --others --exclude-standard,optional
.build/forex-phase3-day-expiry-live-certification.md,untracked,OPTIONAL,Audit/cert artifacts,git ls-files --others --exclude-standard,optional
.build/forex-phase3-deployment-manifest.json,untracked,OPTIONAL,Audit/cert artifacts,git ls-files --others --exclude-standard,optional
.build/forex-phase3-deployment-manifest.md,untracked,OPTIONAL,Audit/cert artifacts,git ls-files --others --exclude-standard,optional
.build/forex-phase3-final-certification.json,untracked,OPTIONAL,Audit/cert artifacts,git ls-files --others --exclude-standard,optional
.build/forex-phase3-final-certification.md,untracked,OPTIONAL,Audit/cert artifacts,git ls-files --others --exclude-standard,optional
.build/forex-phase3-final-green-certification.json,untracked,OPTIONAL,Audit/cert artifacts,git ls-files --others --exclude-standard,optional
.build/forex-phase3-final-green-certification.md,untracked,OPTIONAL,Audit/cert artifacts,git ls-files --others --exclude-standard,optional
.build/forex-phase3-p3a-browser-desktop.png,untracked,OPTIONAL,Audit/cert artifacts,git ls-files --others --exclude-standard,optional
.build/forex-phase3-p3a-browser-evidence.json,untracked,OPTIONAL,Audit/cert artifacts,git ls-files --others --exclude-standard,optional
.build/forex-phase3-p3b-cleanup.json,untracked,OPTIONAL,Audit/cert artifacts,git ls-files --others --exclude-standard,optional
.build/forex-phase3-p3b-cleanup.md,untracked,OPTIONAL,Audit/cert artifacts,git ls-files --others --exclude-standard,optional
.build/forex-phase3-p3b-natural-close-certification.json,untracked,OPTIONAL,Audit/cert artifacts,git ls-files --others --exclude-standard,optional
.build/forex-phase3-p3b-natural-close-certification.md,untracked,OPTIONAL,Audit/cert artifacts,git ls-files --others --exclude-standard,optional
.build/forex-phase3-p3b-run-aborted-safely.json,untracked,OPTIONAL,Audit/cert artifacts,git ls-files --others --exclude-standard,optional
.build/forex-phase3-p3b-run-aborted-safely.md,untracked,OPTIONAL,Audit/cert artifacts,git ls-files --others --exclude-standard,optional
.build/forex-phase3-predeploy.json,untracked,OPTIONAL,Audit/cert artifacts,git ls-files --others --exclude-standard,optional
.build/forex-phase3-predeploy.md,untracked,OPTIONAL,Audit/cert artifacts,git ls-files --others --exclude-standard,optional
.build/forex-phase3-remaining-gaps-final-lock.json,untracked,OPTIONAL,Audit/cert artifacts,git ls-files --others --exclude-standard,optional
.build/forex-phase3-remaining-gaps-final-lock.md,untracked,OPTIONAL,Audit/cert artifacts,git ls-files --others --exclude-standard,optional
.build/forex-phase4-deployment-manifest.md,untracked,OPTIONAL,Audit/cert artifacts,git ls-files --others --exclude-standard,optional
.build/forex-phase4-development-complete.json,untracked,OPTIONAL,Audit/cert artifacts,git ls-files --others --exclude-standard,optional
.build/forex-phase4-development-complete.md,untracked,OPTIONAL,Audit/cert artifacts,git ls-files --others --exclude-standard,optional
.build/forex-phase4-final-certification.json,untracked,OPTIONAL,Audit/cert artifacts,git ls-files --others --exclude-standard,optional
.build/forex-phase4-final-certification.md,untracked,OPTIONAL,Audit/cert artifacts,git ls-files --others --exclude-standard,optional
.build/forex-phase4-final-deployment.md,untracked,OPTIONAL,Audit/cert artifacts,git ls-files --others --exclude-standard,optional
.build/forex-phase4-final-predeploy.md,untracked,OPTIONAL,Audit/cert artifacts,git ls-files --others --exclude-standard,optional
.build/forex-phase4-gap-register.json,untracked,OPTIONAL,Audit/cert artifacts,git ls-files --others --exclude-standard,optional
.build/forex-phase4-live-cert-blocked.json,untracked,OPTIONAL,Audit/cert artifacts,git ls-files --others --exclude-standard,optional
.build/forex-phase4-market-only-final-checkpoint.json,untracked,OPTIONAL,Audit/cert artifacts,git ls-files --others --exclude-standard,optional
.build/forex-phase4-market-only-final-checkpoint.md,untracked,OPTIONAL,Audit/cert artifacts,git ls-files --others --exclude-standard,optional
.build/forex-phase4-market-runtime-checkpoint.json,untracked,OPTIONAL,Audit/cert artifacts,git ls-files --others --exclude-standard,optional
.build/forex-phase4-market-runtime-checkpoint.md,untracked,OPTIONAL,Audit/cert artifacts,git ls-files --others --exclude-standard,optional
.build/forex-phase4-master-gap-register.json,untracked,OPTIONAL,Audit/cert artifacts,git ls-files --others --exclude-standard,optional
.build/forex-phase4-predeploy.md,untracked,OPTIONAL,Audit/cert artifacts,git ls-files --others --exclude-standard,optional
.build/forex-phase4-preflight.json,untracked,OPTIONAL,Audit/cert artifacts,git ls-files --others --exclude-standard,optional
.build/forex-phase4-preflight.md,untracked,OPTIONAL,Audit/cert artifacts,git ls-files --others --exclude-standard,optional
.build/forex-phase4-runtime-evidence.json,untracked,OPTIONAL,Audit/cert artifacts,git ls-files --others --exclude-standard,optional
.build/forex-phase4-runtime-evidence.md,untracked,OPTIONAL,Audit/cert artifacts,git ls-files --others --exclude-standard,optional
.build/forex-phase5-development-complete.json,untracked,OPTIONAL,Audit/cert artifacts,git ls-files --others --exclude-standard,optional
.build/forex-phase5-development-complete.md,untracked,OPTIONAL,Audit/cert artifacts,git ls-files --others --exclude-standard,optional
.build/forex-phase5-final-certification.json,untracked,OPTIONAL,Audit/cert artifacts,git ls-files --others --exclude-standard,optional
.build/forex-phase5-final-certification.md,untracked,OPTIONAL,Audit/cert artifacts,git ls-files --others --exclude-standard,optional
.build/forex-phase5-gap-register.json,untracked,OPTIONAL,Audit/cert artifacts,git ls-files --others --exclude-standard,optional
.build/forex-phase5-market-only-final-checkpoint.json,untracked,OPTIONAL,Audit/cert artifacts,git ls-files --others --exclude-standard,optional
.build/forex-phase5-market-only-final-checkpoint.md,untracked,OPTIONAL,Audit/cert artifacts,git ls-files --others --exclude-standard,optional
.build/forex-phase5-market-runtime-checkpoint.json,untracked,OPTIONAL,Audit/cert artifacts,git ls-files --others --exclude-standard,optional
.build/forex-phase5-market-runtime-checkpoint.md,untracked,OPTIONAL,Audit/cert artifacts,git ls-files --others --exclude-standard,optional
.build/forex-phase5-preflight.md,untracked,OPTIONAL,Audit/cert artifacts,git ls-files --others --exclude-standard,optional
.build/forex-pre-market-browser.json,untracked,OPTIONAL,Audit/cert artifacts,git ls-files --others --exclude-standard,optional
.build/forex-pre-market-cert.json,untracked,OPTIONAL,Audit/cert artifacts,git ls-files --others --exclude-standard,optional
.build/forex-pre-market-desktop.png,untracked,OPTIONAL,Audit/cert artifacts,git ls-files --others --exclude-standard,optional
.build/forex-pre-market-finalization.json,untracked,OPTIONAL,Audit/cert artifacts,git ls-files --others --exclude-standard,optional
.build/forex-pre-market-finalization.md,untracked,OPTIONAL,Audit/cert artifacts,git ls-files --others --exclude-standard,optional
.build/forex-pre-market-mobile.png,untracked,OPTIONAL,Audit/cert artifacts,git ls-files --others --exclude-standard,optional
.build/forex-pre-market-tablet.png,untracked,OPTIONAL,Audit/cert artifacts,git ls-files --others --exclude-standard,optional
.build/forex-remaining-gaps-final.json,untracked,OPTIONAL,Audit/cert artifacts,git ls-files --others --exclude-standard,optional
.build/forex-remaining-gaps-final.md,untracked,OPTIONAL,Audit/cert artifacts,git ls-files --others --exclude-standard,optional
.build/forex-remaining-gaps-revalidation.json,untracked,OPTIONAL,Audit/cert artifacts,git ls-files --others --exclude-standard,optional
.build/forex-remaining-gaps-revalidation.md,untracked,OPTIONAL,Audit/cert artifacts,git ls-files --others --exclude-standard,optional
.build/forex-repository-capability-inventory.json,untracked,OPTIONAL,Audit/cert artifacts,git ls-files --others --exclude-standard,optional
.build/forex-shell-regression-fix-verification.json,untracked,OPTIONAL,Audit/cert artifacts,git ls-files --others --exclude-standard,optional
.build/forex-tier1-gap-register.json,untracked,OPTIONAL,Audit/cert artifacts,git ls-files --others --exclude-standard,optional
.build/forex-tier1-ui-completion-inventory.json,untracked,OPTIONAL,Audit/cert artifacts,git ls-files --others --exclude-standard,optional
.build/forex-ui-screenshots-post-cert.mjs,untracked,OPTIONAL,Audit/cert artifacts,git ls-files --others --exclude-standard,optional
.build/forex-ui-screenshots-post-cert/1024x768_forex.png,untracked,OPTIONAL,Audit/cert artifacts,git ls-files --others --exclude-standard,optional
.build/forex-ui-screenshots-post-cert/1024x768_forex_account.png,untracked,OPTIONAL,Audit/cert artifacts,git ls-files --others --exclude-standard,optional
.build/forex-ui-screenshots-post-cert/1024x768_forex_account_accounts.png,untracked,OPTIONAL,Audit/cert artifacts,git ls-files --others --exclude-standard,optional
.build/forex-ui-screenshots-post-cert/1024x768_forex_account_funds.png,untracked,OPTIONAL,Audit/cert artifacts,git ls-files --others --exclude-standard,optional
.build/forex-ui-screenshots-post-cert/1024x768_forex_account_ledger.png,untracked,OPTIONAL,Audit/cert artifacts,git ls-files --others --exclude-standard,optional
.build/forex-ui-screenshots-post-cert/1024x768_forex_alerts.png,untracked,OPTIONAL,Audit/cert artifacts,git ls-files --others --exclude-standard,optional
.build/forex-ui-screenshots-post-cert/1024x768_forex_analysis.png,untracked,OPTIONAL,Audit/cert artifacts,git ls-files --others --exclude-standard,optional
.build/forex-ui-screenshots-post-cert/1024x768_forex_markets.png,untracked,OPTIONAL,Audit/cert artifacts,git ls-files --others --exclude-standard,optional
.build/forex-ui-screenshots-post-cert/1024x768_forex_orders.png,untracked,OPTIONAL,Audit/cert artifacts,git ls-files --others --exclude-standard,optional
.build/forex-ui-screenshots-post-cert/1024x768_forex_portfolio.png,untracked,OPTIONAL,Audit/cert artifacts,git ls-files --others --exclude-standard,optional
.build/forex-ui-screenshots-post-cert/1024x768_forex_trade.png,untracked,OPTIONAL,Audit/cert artifacts,git ls-files --others --exclude-standard,optional
.build/forex-ui-screenshots-post-cert/1280x800_forex.png,untracked,OPTIONAL,Audit/cert artifacts,git ls-files --others --exclude-standard,optional
.build/forex-ui-screenshots-post-cert/1280x800_forex_account.png,untracked,OPTIONAL,Audit/cert artifacts,git ls-files --others --exclude-standard,optional
.build/forex-ui-screenshots-post-cert/1280x800_forex_account_accounts.png,untracked,OPTIONAL,Audit/cert artifacts,git ls-files --others --exclude-standard,optional
.build/forex-ui-screenshots-post-cert/1280x800_forex_account_funds.png,untracked,OPTIONAL,Audit/cert artifacts,git ls-files --others --exclude-standard,optional
.build/forex-ui-screenshots-post-cert/1280x800_forex_account_ledger.png,untracked,OPTIONAL,Audit/cert artifacts,git ls-files --others --exclude-standard,optional
.build/forex-ui-screenshots-post-cert/1280x800_forex_alerts.png,untracked,OPTIONAL,Audit/cert artifacts,git ls-files --others --exclude-standard,optional
.build/forex-ui-screenshots-post-cert/1280x800_forex_analysis.png,untracked,OPTIONAL,Audit/cert artifacts,git ls-files --others --exclude-standard,optional
.build/forex-ui-screenshots-post-cert/1280x800_forex_markets.png,untracked,OPTIONAL,Audit/cert artifacts,git ls-files --others --exclude-standard,optional
.build/forex-ui-screenshots-post-cert/1280x800_forex_orders.png,untracked,OPTIONAL,Audit/cert artifacts,git ls-files --others --exclude-standard,optional
.build/forex-ui-screenshots-post-cert/1280x800_forex_portfolio.png,untracked,OPTIONAL,Audit/cert artifacts,git ls-files --others --exclude-standard,optional
.build/forex-ui-screenshots-post-cert/1280x800_forex_trade.png,untracked,OPTIONAL,Audit/cert artifacts,git ls-files --others --exclude-standard,optional
.build/forex-ui-screenshots-post-cert/1440x900_forex.png,untracked,OPTIONAL,Audit/cert artifacts,git ls-files --others --exclude-standard,optional
.build/forex-ui-screenshots-post-cert/1440x900_forex_account.png,untracked,OPTIONAL,Audit/cert artifacts,git ls-files --others --exclude-standard,optional
.build/forex-ui-screenshots-post-cert/1440x900_forex_account_accounts.png,untracked,OPTIONAL,Audit/cert artifacts,git ls-files --others --exclude-standard,optional
.build/forex-ui-screenshots-post-cert/1440x900_forex_account_funds.png,untracked,OPTIONAL,Audit/cert artifacts,git ls-files --others --exclude-standard,optional
.build/forex-ui-screenshots-post-cert/1440x900_forex_account_ledger.png,untracked,OPTIONAL,Audit/cert artifacts,git ls-files --others --exclude-standard,optional
.build/forex-ui-screenshots-post-cert/1440x900_forex_alerts.png,untracked,OPTIONAL,Audit/cert artifacts,git ls-files --others --exclude-standard,optional
.build/forex-ui-screenshots-post-cert/1440x900_forex_analysis.png,untracked,OPTIONAL,Audit/cert artifacts,git ls-files --others --exclude-standard,optional
.build/forex-ui-screenshots-post-cert/1440x900_forex_markets.png,untracked,OPTIONAL,Audit/cert artifacts,git ls-files --others --exclude-standard,optional
.build/forex-ui-screenshots-post-cert/1440x900_forex_orders.png,untracked,OPTIONAL,Audit/cert artifacts,git ls-files --others --exclude-standard,optional
.build/forex-ui-screenshots-post-cert/1440x900_forex_portfolio.png,untracked,OPTIONAL,Audit/cert artifacts,git ls-files --others --exclude-standard,optional
.build/forex-ui-screenshots-post-cert/1440x900_forex_trade.png,untracked,OPTIONAL,Audit/cert artifacts,git ls-files --others --exclude-standard,optional
.build/forex-ui-screenshots-post-cert/390x844_forex.png,untracked,OPTIONAL,Audit/cert artifacts,git ls-files --others --exclude-standard,optional
.build/forex-ui-screenshots-post-cert/390x844_forex_account.png,untracked,OPTIONAL,Audit/cert artifacts,git ls-files --others --exclude-standard,optional
.build/forex-ui-screenshots-post-cert/390x844_forex_account_accounts.png,untracked,OPTIONAL,Audit/cert artifacts,git ls-files --others --exclude-standard,optional
.build/forex-ui-screenshots-post-cert/390x844_forex_account_funds.png,untracked,OPTIONAL,Audit/cert artifacts,git ls-files --others --exclude-standard,optional
.build/forex-ui-screenshots-post-cert/390x844_forex_account_ledger.png,untracked,OPTIONAL,Audit/cert artifacts,git ls-files --others --exclude-standard,optional
.build/forex-ui-screenshots-post-cert/390x844_forex_alerts.png,untracked,OPTIONAL,Audit/cert artifacts,git ls-files --others --exclude-standard,optional
.build/forex-ui-screenshots-post-cert/390x844_forex_analysis.png,untracked,OPTIONAL,Audit/cert artifacts,git ls-files --others --exclude-standard,optional
.build/forex-ui-screenshots-post-cert/390x844_forex_markets.png,untracked,OPTIONAL,Audit/cert artifacts,git ls-files --others --exclude-standard,optional
.build/forex-ui-screenshots-post-cert/390x844_forex_orders.png,untracked,OPTIONAL,Audit/cert artifacts,git ls-files --others --exclude-standard,optional
.build/forex-ui-screenshots-post-cert/390x844_forex_portfolio.png,untracked,OPTIONAL,Audit/cert artifacts,git ls-files --others --exclude-standard,optional
.build/forex-ui-screenshots-post-cert/390x844_forex_trade.png,untracked,OPTIONAL,Audit/cert artifacts,git ls-files --others --exclude-standard,optional
.build/forex-ui-screenshots-post-cert/768x1024_forex.png,untracked,OPTIONAL,Audit/cert artifacts,git ls-files --others --exclude-standard,optional
.build/forex-ui-screenshots-post-cert/768x1024_forex_account.png,untracked,OPTIONAL,Audit/cert artifacts,git ls-files --others --exclude-standard,optional
.build/forex-ui-screenshots-post-cert/768x1024_forex_account_accounts.png,untracked,OPTIONAL,Audit/cert artifacts,git ls-files --others --exclude-standard,optional
.build/forex-ui-screenshots-post-cert/768x1024_forex_account_funds.png,untracked,OPTIONAL,Audit/cert artifacts,git ls-files --others --exclude-standard,optional
.build/forex-ui-screenshots-post-cert/768x1024_forex_account_ledger.png,untracked,OPTIONAL,Audit/cert artifacts,git ls-files --others --exclude-standard,optional
.build/forex-ui-screenshots-post-cert/768x1024_forex_alerts.png,untracked,OPTIONAL,Audit/cert artifacts,git ls-files --others --exclude-standard,optional
.build/forex-ui-screenshots-post-cert/768x1024_forex_analysis.png,untracked,OPTIONAL,Audit/cert artifacts,git ls-files --others --exclude-standard,optional
.build/forex-ui-screenshots-post-cert/768x1024_forex_markets.png,untracked,OPTIONAL,Audit/cert artifacts,git ls-files --others --exclude-standard,optional
.build/forex-ui-screenshots-post-cert/768x1024_forex_orders.png,untracked,OPTIONAL,Audit/cert artifacts,git ls-files --others --exclude-standard,optional
.build/forex-ui-screenshots-post-cert/768x1024_forex_portfolio.png,untracked,OPTIONAL,Audit/cert artifacts,git ls-files --others --exclude-standard,optional
.build/forex-ui-screenshots-post-cert/768x1024_forex_trade.png,untracked,OPTIONAL,Audit/cert artifacts,git ls-files --others --exclude-standard,optional
.build/forex-ui-screenshots-post-cert/capture-log.json,untracked,OPTIONAL,Audit/cert artifacts,git ls-files --others --exclude-standard,optional
.build/forex-ui-screenshots/1024x768_forex_account.png,untracked,OPTIONAL,Audit/cert artifacts,git ls-files --others --exclude-standard,optional
.build/forex-ui-screenshots/1024x768_forex_alerts.png,untracked,OPTIONAL,Audit/cert artifacts,git ls-files --others --exclude-standard,optional
.build/forex-ui-screenshots/1024x768_forex_analysis.png,untracked,OPTIONAL,Audit/cert artifacts,git ls-files --others --exclude-standard,optional
.build/forex-ui-screenshots/1024x768_forex_markets.png,untracked,OPTIONAL,Audit/cert artifacts,git ls-files --others --exclude-standard,optional
.build/forex-ui-screenshots/1024x768_forex_orders.png,untracked,OPTIONAL,Audit/cert artifacts,git ls-files --others --exclude-standard,optional
.build/forex-ui-screenshots/1024x768_forex_portfolio.png,untracked,OPTIONAL,Audit/cert artifacts,git ls-files --others --exclude-standard,optional
.build/forex-ui-screenshots/1024x768_forex_trade.png,untracked,OPTIONAL,Audit/cert artifacts,git ls-files --others --exclude-standard,optional
.build/forex-ui-screenshots/1280x800_forex_account.png,untracked,OPTIONAL,Audit/cert artifacts,git ls-files --others --exclude-standard,optional
.build/forex-ui-screenshots/1280x800_forex_alerts.png,untracked,OPTIONAL,Audit/cert artifacts,git ls-files --others --exclude-standard,optional
.build/forex-ui-screenshots/1280x800_forex_analysis.png,untracked,OPTIONAL,Audit/cert artifacts,git ls-files --others --exclude-standard,optional
.build/forex-ui-screenshots/1280x800_forex_markets.png,untracked,OPTIONAL,Audit/cert artifacts,git ls-files --others --exclude-standard,optional
.build/forex-ui-screenshots/1280x800_forex_orders.png,untracked,OPTIONAL,Audit/cert artifacts,git ls-files --others --exclude-standard,optional
.build/forex-ui-screenshots/1280x800_forex_portfolio.png,untracked,OPTIONAL,Audit/cert artifacts,git ls-files --others --exclude-standard,optional
.build/forex-ui-screenshots/1280x800_forex_trade.png,untracked,OPTIONAL,Audit/cert artifacts,git ls-files --others --exclude-standard,optional
.build/forex-ui-screenshots/1440x900_forex_account.png,untracked,OPTIONAL,Audit/cert artifacts,git ls-files --others --exclude-standard,optional
.build/forex-ui-screenshots/1440x900_forex_alerts.png,untracked,OPTIONAL,Audit/cert artifacts,git ls-files --others --exclude-standard,optional
.build/forex-ui-screenshots/1440x900_forex_analysis.png,untracked,OPTIONAL,Audit/cert artifacts,git ls-files --others --exclude-standard,optional
.build/forex-ui-screenshots/1440x900_forex_markets.png,untracked,OPTIONAL,Audit/cert artifacts,git ls-files --others --exclude-standard,optional
.build/forex-ui-screenshots/1440x900_forex_orders.png,untracked,OPTIONAL,Audit/cert artifacts,git ls-files --others --exclude-standard,optional
.build/forex-ui-screenshots/1440x900_forex_portfolio.png,untracked,OPTIONAL,Audit/cert artifacts,git ls-files --others --exclude-standard,optional
.build/forex-ui-screenshots/1440x900_forex_trade.png,untracked,OPTIONAL,Audit/cert artifacts,git ls-files --others --exclude-standard,optional
.build/forex-ui-screenshots/390x844_forex_account.png,untracked,OPTIONAL,Audit/cert artifacts,git ls-files --others --exclude-standard,optional
.build/forex-ui-screenshots/390x844_forex_alerts.png,untracked,OPTIONAL,Audit/cert artifacts,git ls-files --others --exclude-standard,optional
.build/forex-ui-screenshots/390x844_forex_analysis.png,untracked,OPTIONAL,Audit/cert artifacts,git ls-files --others --exclude-standard,optional
.build/forex-ui-screenshots/390x844_forex_markets.png,untracked,OPTIONAL,Audit/cert artifacts,git ls-files --others --exclude-standard,optional
.build/forex-ui-screenshots/390x844_forex_orders.png,untracked,OPTIONAL,Audit/cert artifacts,git ls-files --others --exclude-standard,optional
.build/forex-ui-screenshots/390x844_forex_portfolio.png,untracked,OPTIONAL,Audit/cert artifacts,git ls-files --others --exclude-standard,optional
.build/forex-ui-screenshots/390x844_forex_trade.png,untracked,OPTIONAL,Audit/cert artifacts,git ls-files --others --exclude-standard,optional
.build/forex-ui-screenshots/768x1024_forex_account.png,untracked,OPTIONAL,Audit/cert artifacts,git ls-files --others --exclude-standard,optional
.build/forex-ui-screenshots/768x1024_forex_alerts.png,untracked,OPTIONAL,Audit/cert artifacts,git ls-files --others --exclude-standard,optional
.build/forex-ui-screenshots/768x1024_forex_analysis.png,untracked,OPTIONAL,Audit/cert artifacts,git ls-files --others --exclude-standard,optional
.build/forex-ui-screenshots/768x1024_forex_markets.png,untracked,OPTIONAL,Audit/cert artifacts,git ls-files --others --exclude-standard,optional
.build/forex-ui-screenshots/768x1024_forex_orders.png,untracked,OPTIONAL,Audit/cert artifacts,git ls-files --others --exclude-standard,optional
.build/forex-ui-screenshots/768x1024_forex_portfolio.png,untracked,OPTIONAL,Audit/cert artifacts,git ls-files --others --exclude-standard,optional
.build/forex-ui-screenshots/768x1024_forex_trade.png,untracked,OPTIONAL,Audit/cert artifacts,git ls-files --others --exclude-standard,optional
.build/forex-ui-screenshots/forex.png,untracked,OPTIONAL,Audit/cert artifacts,git ls-files --others --exclude-standard,optional
.build/forex-ui-screenshots/forex_account-groups.png,untracked,OPTIONAL,Audit/cert artifacts,git ls-files --others --exclude-standard,optional
.build/forex-ui-screenshots/forex_accounts.png,untracked,OPTIONAL,Audit/cert artifacts,git ls-files --others --exclude-standard,optional
.build/forex-ui-screenshots/forex_automation.png,untracked,OPTIONAL,Audit/cert artifacts,git ls-files --others --exclude-standard,optional
.build/forex-ui-screenshots/forex_command.png,untracked,OPTIONAL,Audit/cert artifacts,git ls-files --others --exclude-standard,optional
.build/forex-ui-screenshots/forex_compliance.png,untracked,OPTIONAL,Audit/cert artifacts,git ls-files --others --exclude-standard,optional
.build/forex-ui-screenshots/forex_controls.png,untracked,OPTIONAL,Audit/cert artifacts,git ls-files --others --exclude-standard,optional
.build/forex-ui-screenshots/forex_crm_clients.png,untracked,OPTIONAL,Audit/cert artifacts,git ls-files --others --exclude-standard,optional
.build/forex-ui-screenshots/forex_crm_finance.png,untracked,OPTIONAL,Audit/cert artifacts,git ls-files --others --exclude-standard,optional
.build/forex-ui-screenshots/forex_crm_home.png,untracked,OPTIONAL,Audit/cert artifacts,git ls-files --others --exclude-standard,optional
.build/forex-ui-screenshots/forex_crm_leads.png,untracked,OPTIONAL,Audit/cert artifacts,git ls-files --others --exclude-standard,optional
.build/forex-ui-screenshots/forex_crm_my-clients.png,untracked,OPTIONAL,Audit/cert artifacts,git ls-files --others --exclude-standard,optional
.build/forex-ui-screenshots/forex_crm_pipeline.png,untracked,OPTIONAL,Audit/cert artifacts,git ls-files --others --exclude-standard,optional
.build/forex-ui-screenshots/forex_crm_segments.png,untracked,OPTIONAL,Audit/cert artifacts,git ls-files --others --exclude-standard,optional
.build/forex-ui-screenshots/forex_crm_tasks.png,untracked,OPTIONAL,Audit/cert artifacts,git ls-files --others --exclude-standard,optional
.build/forex-ui-screenshots/forex_dealing.png,untracked,OPTIONAL,Audit/cert artifacts,git ls-files --others --exclude-standard,optional
.build/forex-ui-screenshots/forex_executions.png,untracked,OPTIONAL,Audit/cert artifacts,git ls-files --others --exclude-standard,optional
.build/forex-ui-screenshots/forex_fees-swaps.png,untracked,OPTIONAL,Audit/cert artifacts,git ls-files --others --exclude-standard,optional
.build/forex-ui-screenshots/forex_instruments.png,untracked,OPTIONAL,Audit/cert artifacts,git ls-files --others --exclude-standard,optional
.build/forex-ui-screenshots/forex_integrations.png,untracked,OPTIONAL,Audit/cert artifacts,git ls-files --others --exclude-standard,optional
.build/forex-ui-screenshots/forex_journal-audit.png,untracked,OPTIONAL,Audit/cert artifacts,git ls-files --others --exclude-standard,optional
.build/forex-ui-screenshots/forex_ledger.png,untracked,OPTIONAL,Audit/cert artifacts,git ls-files --others --exclude-standard,optional
.build/forex-ui-screenshots/forex_liquidation.png,untracked,OPTIONAL,Audit/cert artifacts,git ls-files --others --exclude-standard,optional
.build/forex-ui-screenshots/forex_liquidity_routing.png,untracked,OPTIONAL,Audit/cert artifacts,git ls-files --others --exclude-standard,optional
.build/forex-ui-screenshots/forex_lp-execution.png,untracked,OPTIONAL,Audit/cert artifacts,git ls-files --others --exclude-standard,optional
.build/forex-ui-screenshots/forex_margin-risk.png,untracked,OPTIONAL,Audit/cert artifacts,git ls-files --others --exclude-standard,optional
.build/forex-ui-screenshots/forex_market-data.png,untracked,OPTIONAL,Audit/cert artifacts,git ls-files --others --exclude-standard,optional
.build/forex-ui-screenshots/forex_notifications.png,untracked,OPTIONAL,Audit/cert artifacts,git ls-files --others --exclude-standard,optional
.build/forex-ui-screenshots/forex_orders.png,untracked,OPTIONAL,Audit/cert artifacts,git ls-files --others --exclude-standard,optional
.build/forex-ui-screenshots/forex_partners.png,untracked,OPTIONAL,Audit/cert artifacts,git ls-files --others --exclude-standard,optional
.build/forex-ui-screenshots/forex_positions.png,untracked,OPTIONAL,Audit/cert artifacts,git ls-files --others --exclude-standard,optional
.build/forex-ui-screenshots/forex_protection.png,untracked,OPTIONAL,Audit/cert artifacts,git ls-files --others --exclude-standard,optional
.build/forex-ui-screenshots/forex_reporting.png,untracked,OPTIONAL,Audit/cert artifacts,git ls-files --others --exclude-standard,optional
.build/forex-ui-screenshots/forex_risk-control.png,untracked,OPTIONAL,Audit/cert artifacts,git ls-files --others --exclude-standard,optional
.build/forex-ui-screenshots/forex_sessions.png,untracked,OPTIONAL,Audit/cert artifacts,git ls-files --others --exclude-standard,optional
.build/forex-ui-screenshots/forex_system.png,untracked,OPTIONAL,Audit/cert artifacts,git ls-files --others --exclude-standard,optional
.build/fx-p1b-fe-parity/.eslintrc.json,untracked,OPTIONAL,Audit/cert artifacts,git ls-files --others --exclude-standard,optional
.build/fx-p1b-fe-parity/Dockerfile,untracked,OPTIONAL,Audit/cert artifacts,git ls-files --others --exclude-standard,optional
.build/fx-p1b-fe-parity/PHASE_A_LEAK_CHECK.txt,untracked,OPTIONAL,Audit/cert artifacts,git ls-files --others --exclude-standard,optional
.build/fx-p1b-fe-parity/RUNTIME.md,untracked,OPTIONAL,Audit/cert artifacts,git ls-files --others --exclude-standard,optional
.build/fx-p1b-fe-parity/docker-entrypoint.sh,untracked,OPTIONAL,Audit/cert artifacts,git ls-files --others --exclude-standard,optional
.build/fx-p1b-fe-parity/docs/DEEP-AUDIT.md,untracked,OPTIONAL,Audit/cert artifacts,git ls-files --others --exclude-standard,optional
.build/fx-p1b-fe-parity/docs/SPOT-PAGE-AUDIT.md,untracked,OPTIONAL,Audit/cert artifacts,git ls-files --others --exclude-standard,optional
.build/fx-p1b-fe-parity/next-env.d.ts,untracked,OPTIONAL,Audit/cert artifacts,git ls-files --others --exclude-standard,optional
.build/fx-p1b-fe-parity/next.config.js,untracked,OPTIONAL,Audit/cert artifacts,git ls-files --others --exclude-standard,optional
.build/fx-p1b-fe-parity/package-lock.json,untracked,OPTIONAL,Audit/cert artifacts,git ls-files --others --exclude-standard,optional
.build/fx-p1b-fe-parity/package.json,untracked,OPTIONAL,Audit/cert artifacts,git ls-files --others --exclude-standard,optional
.build/fx-p1b-fe-parity/postcss.config.js,untracked,OPTIONAL,Audit/cert artifacts,git ls-files --others --exclude-standard,optional
.build/fx-p1b-fe-parity/public/android-chrome-192x192.png,untracked,OPTIONAL,Audit/cert artifacts,git ls-files --others --exclude-standard,optional
.build/fx-p1b-fe-parity/public/android-chrome-512x512.png,untracked,OPTIONAL,Audit/cert artifacts,git ls-files --others --exclude-standard,optional
.build/fx-p1b-fe-parity/public/apple-touch-icon.png,untracked,OPTIONAL,Audit/cert artifacts,git ls-files --others --exclude-standard,optional
.build/fx-p1b-fe-parity/public/assets/upload/blockchain-logo/arbitrum.svg,untracked,OPTIONAL,Audit/cert artifacts,git ls-files --others --exclude-standard,optional
.build/fx-p1b-fe-parity/public/assets/upload/blockchain-logo/avalanche.svg,untracked,OPTIONAL,Audit/cert artifacts,git ls-files --others --exclude-standard,optional
.build/fx-p1b-fe-parity/public/assets/upload/blockchain-logo/bitcoin.svg,untracked,OPTIONAL,Audit/cert artifacts,git ls-files --others --exclude-standard,optional
.build/fx-p1b-fe-parity/public/assets/upload/blockchain-logo/bnb.svg,untracked,OPTIONAL,Audit/cert artifacts,git ls-files --others --exclude-standard,optional
.build/fx-p1b-fe-parity/public/assets/upload/blockchain-logo/ethereum.svg,untracked,OPTIONAL,Audit/cert artifacts,git ls-files --others --exclude-standard,optional
.build/fx-p1b-fe-parity/public/assets/upload/blockchain-logo/polygon.svg,untracked,OPTIONAL,Audit/cert artifacts,git ls-files --others --exclude-standard,optional
.build/fx-p1b-fe-parity/public/assets/upload/blockchain-logo/solana.svg,untracked,OPTIONAL,Audit/cert artifacts,git ls-files --others --exclude-standard,optional
.build/fx-p1b-fe-parity/public/assets/upload/blockchain-logo/tron.svg,untracked,OPTIONAL,Audit/cert artifacts,git ls-files --others --exclude-standard,optional
.build/fx-p1b-fe-parity/public/assets/upload/currency-logo/1inch.svg,untracked,OPTIONAL,Audit/cert artifacts,git ls-files --others --exclude-standard,optional
.build/fx-p1b-fe-parity/public/assets/upload/currency-logo/aave.svg,untracked,OPTIONAL,Audit/cert artifacts,git ls-files --others --exclude-standard,optional
.build/fx-p1b-fe-parity/public/assets/upload/currency-logo/ada.svg,untracked,OPTIONAL,Audit/cert artifacts,git ls-files --others --exclude-standard,optional
.build/fx-p1b-fe-parity/public/assets/upload/currency-logo/agix.svg,untracked,OPTIONAL,Audit/cert artifacts,git ls-files --others --exclude-standard,optional
.build/fx-p1b-fe-parity/public/assets/upload/currency-logo/algo.svg,untracked,OPTIONAL,Audit/cert artifacts,git ls-files --others --exclude-standard,optional
.build/fx-p1b-fe-parity/public/assets/upload/currency-logo/ankr.svg,untracked,OPTIONAL,Audit/cert artifacts,git ls-files --others --exclude-standard,optional
.build/fx-p1b-fe-parity/public/assets/upload/currency-logo/ape.svg,untracked,OPTIONAL,Audit/cert artifacts,git ls-files --others --exclude-standard,optional
.build/fx-p1b-fe-parity/public/assets/upload/currency-logo/apt.svg,untracked,OPTIONAL,Audit/cert artifacts,git ls-files --others --exclude-standard,optional
.build/fx-p1b-fe-parity/public/assets/upload/currency-logo/ar.svg,untracked,OPTIONAL,Audit/cert artifacts,git ls-files --others --exclude-standard,optional
.build/fx-p1b-fe-parity/public/assets/upload/currency-logo/arb.svg,untracked,OPTIONAL,Audit/cert artifacts,git ls-files --others --exclude-standard,optional
.build/fx-p1b-fe-parity/public/assets/upload/currency-logo/aster.svg,untracked,OPTIONAL,Audit/cert artifacts,git ls-files --others --exclude-standard,optional
.build/fx-p1b-fe-parity/public/assets/upload/currency-logo/atom.svg,untracked,OPTIONAL,Audit/cert artifacts,git ls-files --others --exclude-standard,optional
.build/fx-p1b-fe-parity/public/assets/upload/currency-logo/avax.svg,untracked,OPTIONAL,Audit/cert artifacts,git ls-files --others --exclude-standard,optional
.build/fx-p1b-fe-parity/public/assets/upload/currency-logo/axs.svg,untracked,OPTIONAL,Audit/cert artifacts,git ls-files --others --exclude-standard,optional
.build/fx-p1b-fe-parity/public/assets/upload/currency-logo/bat.svg,untracked,OPTIONAL,Audit/cert artifacts,git ls-files --others --exclude-standard,optional
.build/fx-p1b-fe-parity/public/assets/upload/currency-logo/bch.svg,untracked,OPTIONAL,Audit/cert artifacts,git ls-files --others --exclude-standard,optional
.build/fx-p1b-fe-parity/public/assets/upload/currency-logo/blur.svg,untracked,OPTIONAL,Audit/cert artifacts,git ls-files --others --exclude-standard,optional
.build/fx-p1b-fe-parity/public/assets/upload/currency-logo/bnb.svg,untracked,OPTIONAL,Audit/cert artifacts,git ls-files --others --exclude-standard,optional
.build/fx-p1b-fe-parity/public/assets/upload/currency-logo/bone.svg,untracked,OPTIONAL,Audit/cert artifacts,git ls-files --others --exclude-standard,optional
.build/fx-p1b-fe-parity/public/assets/upload/currency-logo/bonk.svg,untracked,OPTIONAL,Audit/cert artifacts,git ls-files --others --exclude-standard,optional
.build/fx-p1b-fe-parity/public/assets/upload/currency-logo/btc.svg,untracked,OPTIONAL,Audit/cert artifacts,git ls-files --others --exclude-standard,optional
.build/fx-p1b-fe-parity/public/assets/upload/currency-logo/busd.svg,untracked,OPTIONAL,Audit/cert artifacts,git ls-files --others --exclude-standard,optional
.build/fx-p1b-fe-parity/public/assets/upload/currency-logo/cake.svg,untracked,OPTIONAL,Audit/cert artifacts,git ls-files --others --exclude-standard,optional
.build/fx-p1b-fe-parity/public/assets/upload/currency-logo/celo.svg,untracked,OPTIONAL,Audit/cert artifacts,git ls-files --others --exclude-standard,optional
.build/fx-p1b-fe-parity/public/assets/upload/currency-logo/chz.svg,untracked,OPTIONAL,Audit/cert artifacts,git ls-files --others --exclude-standard,optional
.build/fx-p1b-fe-parity/public/assets/upload/currency-logo/comp.svg,untracked,OPTIONAL,Audit/cert artifacts,git ls-files --others --exclude-standard,optional
.build/fx-p1b-fe-parity/public/assets/upload/currency-logo/crv.svg,untracked,OPTIONAL,Audit/cert artifacts,git ls-files --others --exclude-standard,optional
.build/fx-p1b-fe-parity/public/assets/upload/currency-logo/dai.svg,untracked,OPTIONAL,Audit/cert artifacts,git ls-files --others --exclude-standard,optional
.build/fx-p1b-fe-parity/public/assets/upload/currency-logo/dash.svg,untracked,OPTIONAL,Audit/cert artifacts,git ls-files --others --exclude-standard,optional
.build/fx-p1b-fe-parity/public/assets/upload/currency-logo/doge.svg,untracked,OPTIONAL,Audit/cert artifacts,git ls-files --others --exclude-standard,optional
.build/fx-p1b-fe-parity/public/assets/upload/currency-logo/dot.svg,untracked,OPTIONAL,Audit/cert artifacts,git ls-files --others --exclude-standard,optional
.build/fx-p1b-fe-parity/public/assets/upload/currency-logo/dydx.svg,untracked,OPTIONAL,Audit/cert artifacts,git ls-files --others --exclude-standard,optional
.build/fx-p1b-fe-parity/public/assets/upload/currency-logo/egld.svg,untracked,OPTIONAL,Audit/cert artifacts,git ls-files --others --exclude-standard,optional
.build/fx-p1b-fe-parity/public/assets/upload/currency-logo/enj.svg,untracked,OPTIONAL,Audit/cert artifacts,git ls-files --others --exclude-standard,optional
.build/fx-p1b-fe-parity/public/assets/upload/currency-logo/ens.svg,untracked,OPTIONAL,Audit/cert artifacts,git ls-files --others --exclude-standard,optional
.build/fx-p1b-fe-parity/public/assets/upload/currency-logo/eos.svg,untracked,OPTIONAL,Audit/cert artifacts,git ls-files --others --exclude-standard,optional
.build/fx-p1b-fe-parity/public/assets/upload/currency-logo/eth.svg,untracked,OPTIONAL,Audit/cert artifacts,git ls-files --others --exclude-standard,optional
.build/fx-p1b-fe-parity/public/assets/upload/currency-logo/fet.svg,untracked,OPTIONAL,Audit/cert artifacts,git ls-files --others --exclude-standard,optional
.build/fx-p1b-fe-parity/public/assets/upload/currency-logo/fil.svg,untracked,OPTIONAL,Audit/cert artifacts,git ls-files --others --exclude-standard,optional
.build/fx-p1b-fe-parity/public/assets/upload/currency-logo/floki.svg,untracked,OPTIONAL,Audit/cert artifacts,git ls-files --others --exclude-standard,optional
.build/fx-p1b-fe-parity/public/assets/upload/currency-logo/flow.svg,untracked,OPTIONAL,Audit/cert artifacts,git ls-files --others --exclude-standard,optional
.build/fx-p1b-fe-parity/public/assets/upload/currency-logo/frax.svg,untracked,OPTIONAL,Audit/cert artifacts,git ls-files --others --exclude-standard,optional
.build/fx-p1b-fe-parity/public/assets/upload/currency-logo/ftm.svg,untracked,OPTIONAL,Audit/cert artifacts,git ls-files --others --exclude-standard,optional
.build/fx-p1b-fe-parity/public/assets/upload/currency-logo/fxs.svg,untracked,OPTIONAL,Audit/cert artifacts,git ls-files --others --exclude-standard,optional
.build/fx-p1b-fe-parity/public/assets/upload/currency-logo/gala.svg,untracked,OPTIONAL,Audit/cert artifacts,git ls-files --others --exclude-standard,optional
.build/fx-p1b-fe-parity/public/assets/upload/currency-logo/gmt.svg,untracked,OPTIONAL,Audit/cert artifacts,git ls-files --others --exclude-standard,optional
.build/fx-p1b-fe-parity/public/assets/upload/currency-logo/gmx.svg,untracked,OPTIONAL,Audit/cert artifacts,git ls-files --others --exclude-standard,optional
.build/fx-p1b-fe-parity/public/assets/upload/currency-logo/grt.svg,untracked,OPTIONAL,Audit/cert artifacts,git ls-files --others --exclude-standard,optional
.build/fx-p1b-fe-parity/public/assets/upload/currency-logo/hbar.svg,untracked,OPTIONAL,Audit/cert artifacts,git ls-files --others --exclude-standard,optional
.build/fx-p1b-fe-parity/public/assets/upload/currency-logo/ht.svg,untracked,OPTIONAL,Audit/cert artifacts,git ls-files --others --exclude-standard,optional
.build/fx-p1b-fe-parity/public/assets/upload/currency-logo/icp.svg,untracked,OPTIONAL,Audit/cert artifacts,git ls-files --others --exclude-standard,optional
.build/fx-p1b-fe-parity/public/assets/upload/currency-logo/imx.svg,untracked,OPTIONAL,Audit/cert artifacts,git ls-files --others --exclude-standard,optional
.build/fx-p1b-fe-parity/public/assets/upload/currency-logo/inj.svg,untracked,OPTIONAL,Audit/cert artifacts,git ls-files --others --exclude-standard,optional
.build/fx-p1b-fe-parity/public/assets/upload/currency-logo/iota.svg,untracked,OPTIONAL,Audit/cert artifacts,git ls-files --others --exclude-standard,optional
.build/fx-p1b-fe-parity/public/assets/upload/currency-logo/jto.svg,untracked,OPTIONAL,Audit/cert artifacts,git ls-files --others --exclude-standard,optional
.build/fx-p1b-fe-parity/public/assets/upload/currency-logo/jup.svg,untracked,OPTIONAL,Audit/cert artifacts,git ls-files --others --exclude-standard,optional
.build/fx-p1b-fe-parity/public/assets/upload/currency-logo/kcs.svg,untracked,OPTIONAL,Audit/cert artifacts,git ls-files --others --exclude-standard,optional
.build/fx-p1b-fe-parity/public/assets/upload/currency-logo/klay.svg,untracked,OPTIONAL,Audit/cert artifacts,git ls-files --others --exclude-standard,optional
.build/fx-p1b-fe-parity/public/assets/upload/currency-logo/ldo.svg,untracked,OPTIONAL,Audit/cert artifacts,git ls-files --others --exclude-standard,optional
.build/fx-p1b-fe-parity/public/assets/upload/currency-logo/link.svg,untracked,OPTIONAL,Audit/cert artifacts,git ls-files --others --exclude-standard,optional
.build/fx-p1b-fe-parity/public/assets/upload/currency-logo/lrc.svg,untracked,OPTIONAL,Audit/cert artifacts,git ls-files --others --exclude-standard,optional
.build/fx-p1b-fe-parity/public/assets/upload/currency-logo/ltc.svg,untracked,OPTIONAL,Audit/cert artifacts,git ls-files --others --exclude-standard,optional
.build/fx-p1b-fe-parity/public/assets/upload/currency-logo/mana.svg,untracked,OPTIONAL,Audit/cert artifacts,git ls-files --others --exclude-standard,optional
.build/fx-p1b-fe-parity/public/assets/upload/currency-logo/mask.svg,untracked,OPTIONAL,Audit/cert artifacts,git ls-files --others --exclude-standard,optional
.build/fx-p1b-fe-parity/public/assets/upload/currency-logo/matic.svg,untracked,OPTIONAL,Audit/cert artifacts,git ls-files --others --exclude-standard,optional
.build/fx-p1b-fe-parity/public/assets/upload/currency-logo/meme.svg,untracked,OPTIONAL,Audit/cert artifacts,git ls-files --others --exclude-standard,optional
.build/fx-p1b-fe-parity/public/assets/upload/currency-logo/mkr.svg,untracked,OPTIONAL,Audit/cert artifacts,git ls-files --others --exclude-standard,optional
.build/fx-p1b-fe-parity/public/assets/upload/currency-logo/near.svg,untracked,OPTIONAL,Audit/cert artifacts,git ls-files --others --exclude-standard,optional
.build/fx-p1b-fe-parity/public/assets/upload/currency-logo/neo.svg,untracked,OPTIONAL,Audit/cert artifacts,git ls-files --others --exclude-standard,optional
.build/fx-p1b-fe-parity/public/assets/upload/currency-logo/ocean.svg,untracked,OPTIONAL,Audit/cert artifacts,git ls-files --others --exclude-standard,optional
.build/fx-p1b-fe-parity/public/assets/upload/currency-logo/op.svg,untracked,OPTIONAL,Audit/cert artifacts,git ls-files --others --exclude-standard,optional
.build/fx-p1b-fe-parity/public/assets/upload/currency-logo/orca.svg,untracked,OPTIONAL,Audit/cert artifacts,git ls-files --others --exclude-standard,optional
.build/fx-p1b-fe-parity/public/assets/upload/currency-logo/osmo.svg,untracked,OPTIONAL,Audit/cert artifacts,git ls-files --others --exclude-standard,optional
.build/fx-p1b-fe-parity/public/assets/upload/currency-logo/pendle.svg,untracked,OPTIONAL,Audit/cert artifacts,git ls-files --others --exclude-standard,optional
.build/fx-p1b-fe-parity/public/assets/upload/currency-logo/pepe.svg,untracked,OPTIONAL,Audit/cert artifacts,git ls-files --others --exclude-standard,optional
.build/fx-p1b-fe-parity/public/assets/upload/currency-logo/pyth.svg,untracked,OPTIONAL,Audit/cert artifacts,git ls-files --others --exclude-standard,optional
.build/fx-p1b-fe-parity/public/assets/upload/currency-logo/ray.svg,untracked,OPTIONAL,Audit/cert artifacts,git ls-files --others --exclude-standard,optional
.build/fx-p1b-fe-parity/public/assets/upload/currency-logo/render.svg,untracked,OPTIONAL,Audit/cert artifacts,git ls-files --others --exclude-standard,optional
.build/fx-p1b-fe-parity/public/assets/upload/currency-logo/rndr.svg,untracked,OPTIONAL,Audit/cert artifacts,git ls-files --others --exclude-standard,optional
.build/fx-p1b-fe-parity/public/assets/upload/currency-logo/rose.svg,untracked,OPTIONAL,Audit/cert artifacts,git ls-files --others --exclude-standard,optional
.build/fx-p1b-fe-parity/public/assets/upload/currency-logo/rpl.svg,untracked,OPTIONAL,Audit/cert artifacts,git ls-files --others --exclude-standard,optional
.build/fx-p1b-fe-parity/public/assets/upload/currency-logo/rune.svg,untracked,OPTIONAL,Audit/cert artifacts,git ls-files --others --exclude-standard,optional
.build/fx-p1b-fe-parity/public/assets/upload/currency-logo/sand.svg,untracked,OPTIONAL,Audit/cert artifacts,git ls-files --others --exclude-standard,optional
.build/fx-p1b-fe-parity/public/assets/upload/currency-logo/sei.svg,untracked,OPTIONAL,Audit/cert artifacts,git ls-files --others --exclude-standard,optional
.build/fx-p1b-fe-parity/public/assets/upload/currency-logo/shib.svg,untracked,OPTIONAL,Audit/cert artifacts,git ls-files --others --exclude-standard,optional
.build/fx-p1b-fe-parity/public/assets/upload/currency-logo/snx.svg,untracked,OPTIONAL,Audit/cert artifacts,git ls-files --others --exclude-standard,optional
.build/fx-p1b-fe-parity/public/assets/upload/currency-logo/sol.svg,untracked,OPTIONAL,Audit/cert artifacts,git ls-files --others --exclude-standard,optional
.build/fx-p1b-fe-parity/public/assets/upload/currency-logo/ssv.svg,untracked,OPTIONAL,Audit/cert artifacts,git ls-files --others --exclude-standard,optional
.build/fx-p1b-fe-parity/public/assets/upload/currency-logo/stx.svg,untracked,OPTIONAL,Audit/cert artifacts,git ls-files --others --exclude-standard,optional
.build/fx-p1b-fe-parity/public/assets/upload/currency-logo/sui.svg,untracked,OPTIONAL,Audit/cert artifacts,git ls-files --others --exclude-standard,optional
.build/fx-p1b-fe-parity/public/assets/upload/currency-logo/sushi.svg,untracked,OPTIONAL,Audit/cert artifacts,git ls-files --others --exclude-standard,optional
.build/fx-p1b-fe-parity/public/assets/upload/currency-logo/temp.png,untracked,OPTIONAL,Audit/cert artifacts,git ls-files --others --exclude-standard,optional
.build/fx-p1b-fe-parity/public/assets/upload/currency-logo/theta.svg,untracked,OPTIONAL,Audit/cert artifacts,git ls-files --others --exclude-standard,optional
.build/fx-p1b-fe-parity/public/assets/upload/currency-logo/trx.svg,untracked,OPTIONAL,Audit/cert artifacts,git ls-files --others --exclude-standard,optional
.build/fx-p1b-fe-parity/public/assets/upload/currency-logo/tusd.svg,untracked,OPTIONAL,Audit/cert artifacts,git ls-files --others --exclude-standard,optional
.build/fx-p1b-fe-parity/public/assets/upload/currency-logo/uni.svg,untracked,OPTIONAL,Audit/cert artifacts,git ls-files --others --exclude-standard,optional
.build/fx-p1b-fe-parity/public/assets/upload/currency-logo/usdc.svg,untracked,OPTIONAL,Audit/cert artifacts,git ls-files --others --exclude-standard,optional
.build/fx-p1b-fe-parity/public/assets/upload/currency-logo/usdt.svg,untracked,OPTIONAL,Audit/cert artifacts,git ls-files --others --exclude-standard,optional
.build/fx-p1b-fe-parity/public/assets/upload/currency-logo/vet.svg,untracked,OPTIONAL,Audit/cert artifacts,git ls-files --others --exclude-standard,optional
.build/fx-p1b-fe-parity/public/assets/upload/currency-logo/wbtc.svg,untracked,OPTIONAL,Audit/cert artifacts,git ls-files --others --exclude-standard,optional
.build/fx-p1b-fe-parity/public/assets/upload/currency-logo/weth.svg,untracked,OPTIONAL,Audit/cert artifacts,git ls-files --others --exclude-standard,optional
.build/fx-p1b-fe-parity/public/assets/upload/currency-logo/wif.svg,untracked,OPTIONAL,Audit/cert artifacts,git ls-files --others --exclude-standard,optional
.build/fx-p1b-fe-parity/public/assets/upload/currency-logo/wld.svg,untracked,OPTIONAL,Audit/cert artifacts,git ls-files --others --exclude-standard,optional
.build/fx-p1b-fe-parity/public/assets/upload/currency-logo/woo.svg,untracked,OPTIONAL,Audit/cert artifacts,git ls-files --others --exclude-standard,optional
.build/fx-p1b-fe-parity/public/assets/upload/currency-logo/xlm.svg,untracked,OPTIONAL,Audit/cert artifacts,git ls-files --others --exclude-standard,optional
.build/fx-p1b-fe-parity/public/assets/upload/currency-logo/xmr.svg,untracked,OPTIONAL,Audit/cert artifacts,git ls-files --others --exclude-standard,optional
.build/fx-p1b-fe-parity/public/assets/upload/currency-logo/xrp.svg,untracked,OPTIONAL,Audit/cert artifacts,git ls-files --others --exclude-standard,optional
.build/fx-p1b-fe-parity/public/assets/upload/currency-logo/yfi.svg,untracked,OPTIONAL,Audit/cert artifacts,git ls-files --others --exclude-standard,optional
.build/fx-p1b-fe-parity/public/assets/upload/currency-logo/zec.svg,untracked,OPTIONAL,Audit/cert artifacts,git ls-files --others --exclude-standard,optional
.build/fx-p1b-fe-parity/public/assets/upload/currency-logo/zil.svg,untracked,OPTIONAL,Audit/cert artifacts,git ls-files --others --exclude-standard,optional
.build/fx-p1b-fe-parity/public/brand/_retired_eda/icon-gold.png,untracked,OPTIONAL,Audit/cert artifacts,git ls-files --others --exclude-standard,optional
.build/fx-p1b-fe-parity/public/brand/_retired_eda/logo-horizontal-compact-gold.png,untracked,OPTIONAL,Audit/cert artifacts,git ls-files --others --exclude-standard,optional
.build/fx-p1b-fe-parity/public/brand/_retired_eda/logo-horizontal-gold.png,untracked,OPTIONAL,Audit/cert artifacts,git ls-files --others --exclude-standard,optional
.build/fx-p1b-fe-parity/public/brand/_retired_eda/logo-horizontal-white.png,untracked,OPTIONAL,Audit/cert artifacts,git ls-files --others --exclude-standard,optional
.build/fx-p1b-fe-parity/public/brand/_retired_eda/logo-marketing.png,untracked,OPTIONAL,Audit/cert artifacts,git ls-files --others --exclude-standard,optional
.build/fx-p1b-fe-parity/public/brand/icon.png,untracked,OPTIONAL,Audit/cert artifacts,git ls-files --others --exclude-standard,optional
.build/fx-p1b-fe-parity/public/brand/logo-horizontal-compact.png,untracked,OPTIONAL,Audit/cert artifacts,git ls-files --others --exclude-standard,optional
.build/fx-p1b-fe-parity/public/brand/logo-horizontal-footer.png,untracked,OPTIONAL,Audit/cert artifacts,git ls-files --others --exclude-standard,optional
.build/fx-p1b-fe-parity/public/brand/logo-horizontal.png,untracked,OPTIONAL,Audit/cert artifacts,git ls-files --others --exclude-standard,optional
.build/fx-p1b-fe-parity/public/brand/logo-marketing.png,untracked,OPTIONAL,Audit/cert artifacts,git ls-files --others --exclude-standard,optional
.build/fx-p1b-fe-parity/public/brand/source-icon.jpg,untracked,OPTIONAL,Audit/cert artifacts,git ls-files --others --exclude-standard,optional
.build/fx-p1b-fe-parity/public/brand/source-logo-horizontal.jpg,untracked,OPTIONAL,Audit/cert artifacts,git ls-files --others --exclude-standard,optional
.build/fx-p1b-fe-parity/public/brand/source-logo-marketing.jpg,untracked,OPTIONAL,Audit/cert artifacts,git ls-files --others --exclude-standard,optional
.build/fx-p1b-fe-parity/public/favicon-16x16.png,untracked,OPTIONAL,Audit/cert artifacts,git ls-files --others --exclude-standard,optional
.build/fx-p1b-fe-parity/public/favicon-180x180.png,untracked,OPTIONAL,Audit/cert artifacts,git ls-files --others --exclude-standard,optional
.build/fx-p1b-fe-parity/public/favicon-192x192.png,untracked,OPTIONAL,Audit/cert artifacts,git ls-files --others --exclude-standard,optional
.build/fx-p1b-fe-parity/public/favicon-32x32.png,untracked,OPTIONAL,Audit/cert artifacts,git ls-files --others --exclude-standard,optional
.build/fx-p1b-fe-parity/public/favicon-512x512.png,untracked,OPTIONAL,Audit/cert artifacts,git ls-files --others --exclude-standard,optional
.build/fx-p1b-fe-parity/public/favicon.ico,untracked,OPTIONAL,Audit/cert artifacts,git ls-files --others --exclude-standard,optional
.build/fx-p1b-fe-parity/public/images/home-bg/cta-confidence-desktop.png,untracked,OPTIONAL,Audit/cert artifacts,git ls-files --others --exclude-standard,optional
.build/fx-p1b-fe-parity/public/images/home-bg/cta-confidence-mobile.png,untracked,OPTIONAL,Audit/cert artifacts,git ls-files --others --exclude-standard,optional
.build/fx-p1b-fe-parity/public/images/home-bg/cta-trust-desktop.png,untracked,OPTIONAL,Audit/cert artifacts,git ls-files --others --exclude-standard,optional
.build/fx-p1b-fe-parity/public/images/home-bg/cta-trust-mobile.png,untracked,OPTIONAL,Audit/cert artifacts,git ls-files --others --exclude-standard,optional
.build/fx-p1b-fe-parity/public/images/home-bg/hero-desktop.png,untracked,OPTIONAL,Audit/cert artifacts,git ls-files --others --exclude-standard,optional
.build/fx-p1b-fe-parity/public/images/home-bg/hero-mobile.png,untracked,OPTIONAL,Audit/cert artifacts,git ls-files --others --exclude-standard,optional
.build/fx-p1b-fe-parity/public/push-sw.js,untracked,OPTIONAL,Audit/cert artifacts,git ls-files --others --exclude-standard,optional
.build/fx-p1b-fe-parity/public/site.webmanifest,untracked,OPTIONAL,Audit/cert artifacts,git ls-files --others --exclude-standard,optional
.build/fx-p1b-fe-parity/scripts/verify-routes.mjs,untracked,OPTIONAL,Audit/cert artifacts,git ls-files --others --exclude-standard,optional
.build/fx-p1b-fe-parity/src/app/(auth)/cookies/page.tsx,untracked,OPTIONAL,Audit/cert artifacts,git ls-files --others --exclude-standard,optional
.build/fx-p1b-fe-parity/src/app/(auth)/forgot-password/page.tsx,untracked,OPTIONAL,Audit/cert artifacts,git ls-files --others --exclude-standard,optional
.build/fx-p1b-fe-parity/src/app/(auth)/layout.tsx,untracked,OPTIONAL,Audit/cert artifacts,git ls-files --others --exclude-standard,optional
.build/fx-p1b-fe-parity/src/app/(auth)/login/layout.tsx,untracked,OPTIONAL,Audit/cert artifacts,git ls-files --others --exclude-standard,optional
.build/fx-p1b-fe-parity/src/app/(auth)/login/page.tsx,untracked,OPTIONAL,Audit/cert artifacts,git ls-files --others --exclude-standard,optional
.build/fx-p1b-fe-parity/src/app/(auth)/privacy/page.tsx,untracked,OPTIONAL,Audit/cert artifacts,git ls-files --others --exclude-standard,optional
.build/fx-p1b-fe-parity/src/app/(auth)/register/page.tsx,untracked,OPTIONAL,Audit/cert artifacts,git ls-files --others --exclude-standard,optional
.build/fx-p1b-fe-parity/src/app/(auth)/signup/layout.tsx,untracked,OPTIONAL,Audit/cert artifacts,git ls-files --others --exclude-standard,optional
.build/fx-p1b-fe-parity/src/app/(auth)/signup/page.tsx,untracked,OPTIONAL,Audit/cert artifacts,git ls-files --others --exclude-standard,optional
.build/fx-p1b-fe-parity/src/app/(auth)/terms/page.tsx,untracked,OPTIONAL,Audit/cert artifacts,git ls-files --others --exclude-standard,optional
.build/fx-p1b-fe-parity/src/app/HomePageClient.tsx,untracked,OPTIONAL,Audit/cert artifacts,git ls-files --others --exclude-standard,optional
.build/fx-p1b-fe-parity/src/app/admin/layout.tsx,untracked,OPTIONAL,Audit/cert artifacts,git ls-files --others --exclude-standard,optional
.build/fx-p1b-fe-parity/src/app/admin/page.tsx,untracked,OPTIONAL,Audit/cert artifacts,git ls-files --others --exclude-standard,optional
.build/fx-p1b-fe-parity/src/app/api/page.tsx,untracked,OPTIONAL,Audit/cert artifacts,git ls-files --others --exclude-standard,optional
.build/fx-p1b-fe-parity/src/app/assets/page.tsx,untracked,OPTIONAL,Audit/cert artifacts,git ls-files --others --exclude-standard,optional
.build/fx-p1b-fe-parity/src/app/auth/callback/apple/page.tsx,untracked,OPTIONAL,Audit/cert artifacts,git ls-files --others --exclude-standard,optional
.build/fx-p1b-fe-parity/src/app/auth/callback/google/page.tsx,untracked,OPTIONAL,Audit/cert artifacts,git ls-files --others --exclude-standard,optional
.build/fx-p1b-fe-parity/src/app/dashboard/account/link/google/page.tsx,untracked,OPTIONAL,Audit/cert artifacts,git ls-files --others --exclude-standard,optional
.build/fx-p1b-fe-parity/src/app/dashboard/account/login-history/page.tsx,untracked,OPTIONAL,Audit/cert artifacts,git ls-files --others --exclude-standard,optional
.build/fx-p1b-fe-parity/src/app/dashboard/account/page.tsx,untracked,OPTIONAL,Audit/cert artifacts,git ls-files --others --exclude-standard,optional
.build/fx-p1b-fe-parity/src/app/dashboard/address-book/add-batches/page.tsx,untracked,OPTIONAL,Audit/cert artifacts,git ls-files --others --exclude-standard,optional
.build/fx-p1b-fe-parity/src/app/dashboard/address-book/page.tsx,untracked,OPTIONAL,Audit/cert artifacts,git ls-files --others --exclude-standard,optional
.build/fx-p1b-fe-parity/src/app/dashboard/announcements/[id]/page.tsx,untracked,OPTIONAL,Audit/cert artifacts,git ls-files --others --exclude-standard,optional
.build/fx-p1b-fe-parity/src/app/dashboard/announcements/page.tsx,untracked,OPTIONAL,Audit/cert artifacts,git ls-files --others --exclude-standard,optional
.build/fx-p1b-fe-parity/src/app/dashboard/api/create/page.tsx,untracked,OPTIONAL,Audit/cert artifacts,git ls-files --others --exclude-standard,optional
.build/fx-p1b-fe-parity/src/app/dashboard/api/layout.tsx,untracked,OPTIONAL,Audit/cert artifacts,git ls-files --others --exclude-standard,optional
.build/fx-p1b-fe-parity/src/app/dashboard/api/page.tsx,untracked,OPTIONAL,Audit/cert artifacts,git ls-files --others --exclude-standard,optional
.build/fx-p1b-fe-parity/src/app/dashboard/assets/[symbol]/page.tsx,untracked,OPTIONAL,Audit/cert artifacts,git ls-files --others --exclude-standard,optional
.build/fx-p1b-fe-parity/src/app/dashboard/assets/convert/page.tsx,untracked,OPTIONAL,Audit/cert artifacts,git ls-files --others --exclude-standard,optional
.build/fx-p1b-fe-parity/src/app/dashboard/assets/funding/page.tsx,untracked,OPTIONAL,Audit/cert artifacts,git ls-files --others --exclude-standard,optional
.build/fx-p1b-fe-parity/src/app/dashboard/assets/history/page.tsx,untracked,OPTIONAL,Audit/cert artifacts,git ls-files --others --exclude-standard,optional
.build/fx-p1b-fe-parity/src/app/dashboard/assets/overview/page.tsx,untracked,OPTIONAL,Audit/cert artifacts,git ls-files --others --exclude-standard,optional
.build/fx-p1b-fe-parity/src/app/dashboard/assets/page.tsx,untracked,OPTIONAL,Audit/cert artifacts,git ls-files --others --exclude-standard,optional
.build/fx-p1b-fe-parity/src/app/dashboard/assets/pnl/page.tsx,untracked,OPTIONAL,Audit/cert artifacts,git ls-files --others --exclude-standard,optional
.build/fx-p1b-fe-parity/src/app/dashboard/assets/unified/page.tsx,untracked,OPTIONAL,Audit/cert artifacts,git ls-files --others --exclude-standard,optional
.build/fx-p1b-fe-parity/src/app/dashboard/convert/page.tsx,untracked,OPTIONAL,Audit/cert artifacts,git ls-files --others --exclude-standard,optional
.build/fx-p1b-fe-parity/src/app/dashboard/data-export/page.tsx,untracked,OPTIONAL,Audit/cert artifacts,git ls-files --others --exclude-standard,optional
.build/fx-p1b-fe-parity/src/app/dashboard/deposit/crypto/page.tsx,untracked,OPTIONAL,Audit/cert artifacts,git ls-files --others --exclude-standard,optional
.build/fx-p1b-fe-parity/src/app/dashboard/earn/page.tsx,untracked,OPTIONAL,Audit/cert artifacts,git ls-files --others --exclude-standard,optional
.build/fx-p1b-fe-parity/src/app/dashboard/error.tsx,untracked,OPTIONAL,Audit/cert artifacts,git ls-files --others --exclude-standard,optional
.build/fx-p1b-fe-parity/src/app/dashboard/events/page.tsx,untracked,OPTIONAL,Audit/cert artifacts,git ls-files --others --exclude-standard,optional
.build/fx-p1b-fe-parity/src/app/dashboard/fee-rates/page.tsx,untracked,OPTIONAL,Audit/cert artifacts,git ls-files --others --exclude-standard,optional
.build/fx-p1b-fe-parity/src/app/dashboard/help/page.tsx,untracked,OPTIONAL,Audit/cert artifacts,git ls-files --others --exclude-standard,optional
.build/fx-p1b-fe-parity/src/app/dashboard/identity/page.tsx,untracked,OPTIONAL,Audit/cert artifacts,git ls-files --others --exclude-standard,optional
.build/fx-p1b-fe-parity/src/app/dashboard/identity/success/page.tsx,untracked,OPTIONAL,Audit/cert artifacts,git ls-files --others --exclude-standard,optional
.build/fx-p1b-fe-parity/src/app/dashboard/identity/upload/page.tsx,untracked,OPTIONAL,Audit/cert artifacts,git ls-files --others --exclude-standard,optional
.build/fx-p1b-fe-parity/src/app/dashboard/layout.tsx,untracked,OPTIONAL,Audit/cert artifacts,git ls-files --others --exclude-standard,optional
.build/fx-p1b-fe-parity/src/app/dashboard/loading.tsx,untracked,OPTIONAL,Audit/cert artifacts,git ls-files --others --exclude-standard,optional
.build/fx-p1b-fe-parity/src/app/dashboard/markets/page.tsx,untracked,OPTIONAL,Audit/cert artifacts,git ls-files --others --exclude-standard,optional
.build/fx-p1b-fe-parity/src/app/dashboard/orders/p2p/page.tsx,untracked,OPTIONAL,Audit/cert artifacts,git ls-files --others --exclude-standard,optional
.build/fx-p1b-fe-parity/src/app/dashboard/orders/page.tsx,untracked,OPTIONAL,Audit/cert artifacts,git ls-files --others --exclude-standard,optional
.build/fx-p1b-fe-parity/src/app/dashboard/orders/spot/page.tsx,untracked,OPTIONAL,Audit/cert artifacts,git ls-files --others --exclude-standard,optional
.build/fx-p1b-fe-parity/src/app/dashboard/orders/trades/page.tsx,untracked,OPTIONAL,Audit/cert artifacts,git ls-files --others --exclude-standard,optional
.build/fx-p1b-fe-parity/src/app/dashboard/p2p/[type]/[crypto]/[fiat]/create/page.tsx,untracked,OPTIONAL,Audit/cert artifacts,git ls-files --others --exclude-standard,optional
.build/fx-p1b-fe-parity/src/app/dashboard/p2p/[type]/[crypto]/[fiat]/page.tsx,untracked,OPTIONAL,Audit/cert artifacts,git ls-files --others --exclude-standard,optional
.build/fx-p1b-fe-parity/src/app/dashboard/p2p/orders/[orderId]/page.tsx,untracked,OPTIONAL,Audit/cert artifacts,git ls-files --others --exclude-standard,optional
.build/fx-p1b-fe-parity/src/app/dashboard/p2p/page.tsx,untracked,OPTIONAL,Audit/cert artifacts,git ls-files --others --exclude-standard,optional
.build/fx-p1b-fe-parity/src/app/dashboard/p2p/payment-methods/page.tsx,untracked,OPTIONAL,Audit/cert artifacts,git ls-files --others --exclude-standard,optional
.build/fx-p1b-fe-parity/src/app/dashboard/page.tsx,untracked,OPTIONAL,Audit/cert artifacts,git ls-files --others --exclude-standard,optional
.build/fx-p1b-fe-parity/src/app/dashboard/preferences/page.tsx,untracked,OPTIONAL,Audit/cert artifacts,git ls-files --others --exclude-standard,optional
.build/fx-p1b-fe-parity/src/app/dashboard/progress/page.tsx,untracked,OPTIONAL,Audit/cert artifacts,git ls-files --others --exclude-standard,optional
.build/fx-p1b-fe-parity/src/app/dashboard/referral/my-referrals/page.tsx,untracked,OPTIONAL,Audit/cert artifacts,git ls-files --others --exclude-standard,optional
.build/fx-p1b-fe-parity/src/app/dashboard/referral/page.tsx,untracked,OPTIONAL,Audit/cert artifacts,git ls-files --others --exclude-standard,optional
.build/fx-p1b-fe-parity/src/app/dashboard/security/2fa/page.tsx,untracked,OPTIONAL,Audit/cert artifacts,git ls-files --others --exclude-standard,optional
.build/fx-p1b-fe-parity/src/app/dashboard/security/anti-phishing/page.tsx,untracked,OPTIONAL,Audit/cert artifacts,git ls-files --others --exclude-standard,optional
.build/fx-p1b-fe-parity/src/app/dashboard/security/change-password/page.tsx,untracked,OPTIONAL,Audit/cert artifacts,git ls-files --others --exclude-standard,optional
.build/fx-p1b-fe-parity/src/app/dashboard/security/fund-password/page.tsx,untracked,OPTIONAL,Audit/cert artifacts,git ls-files --others --exclude-standard,optional
.build/fx-p1b-fe-parity/src/app/dashboard/security/page.tsx,untracked,OPTIONAL,Audit/cert artifacts,git ls-files --others --exclude-standard,optional
.build/fx-p1b-fe-parity/src/app/dashboard/security/passkeys/page.tsx,untracked,OPTIONAL,Audit/cert artifacts,git ls-files --others --exclude-standard,optional
.build/fx-p1b-fe-parity/src/app/dashboard/security/sessions/page.tsx,untracked,OPTIONAL,Audit/cert artifacts,git ls-files --others --exclude-standard,optional
.build/fx-p1b-fe-parity/src/app/dashboard/security/withdrawal-limits/page.tsx,untracked,OPTIONAL,Audit/cert artifacts,git ls-files --others --exclude-standard,optional
.build/fx-p1b-fe-parity/src/app/dashboard/spot/page.tsx,untracked,OPTIONAL,Audit/cert artifacts,git ls-files --others --exclude-standard,optional
.build/fx-p1b-fe-parity/src/app/dashboard/support/page.tsx,untracked,OPTIONAL,Audit/cert artifacts,git ls-files --others --exclude-standard,optional
.build/fx-p1b-fe-parity/src/app/dashboard/trade/page.tsx,untracked,OPTIONAL,Audit/cert artifacts,git ls-files --others --exclude-standard,optional
.build/fx-p1b-fe-parity/src/app/dashboard/trade/spot/page.tsx,untracked,OPTIONAL,Audit/cert artifacts,git ls-files --others --exclude-standard,optional
.build/fx-p1b-fe-parity/src/app/dashboard/transfer/page.tsx,untracked,OPTIONAL,Audit/cert artifacts,git ls-files --others --exclude-standard,optional
.build/fx-p1b-fe-parity/src/app/dashboard/wallet/[symbol]/page.tsx,untracked,OPTIONAL,Audit/cert artifacts,git ls-files --others --exclude-standard,optional
.build/fx-p1b-fe-parity/src/app/dashboard/wallet/spot/page.tsx,untracked,OPTIONAL,Audit/cert artifacts,git ls-files --others --exclude-standard,optional
.build/fx-p1b-fe-parity/src/app/dashboard/withdraw/crypto/page.tsx,untracked,OPTIONAL,Audit/cert artifacts,git ls-files --others --exclude-standard,optional
.build/fx-p1b-fe-parity/src/app/dashboard/withdraw/fiat/page.tsx,untracked,OPTIONAL,Audit/cert artifacts,git ls-files --others --exclude-standard,optional
.build/fx-p1b-fe-parity/src/app/dashboard/withdraw/page.tsx,untracked,OPTIONAL,Audit/cert artifacts,git ls-files --others --exclude-standard,optional
.build/fx-p1b-fe-parity/src/app/earn/EarnPublicShell.tsx,untracked,OPTIONAL,Audit/cert artifacts,git ls-files --others --exclude-standard,optional
.build/fx-p1b-fe-parity/src/app/earn/layout.tsx,untracked,OPTIONAL,Audit/cert artifacts,git ls-files --others --exclude-standard,optional
.build/fx-p1b-fe-parity/src/app/earn/loading.tsx,untracked,OPTIONAL,Audit/cert artifacts,git ls-files --others --exclude-standard,optional
.build/fx-p1b-fe-parity/src/app/earn/page.tsx,untracked,OPTIONAL,Audit/cert artifacts,git ls-files --others --exclude-standard,optional
.build/fx-p1b-fe-parity/src/app/error.tsx,untracked,OPTIONAL,Audit/cert artifacts,git ls-files --others --exclude-standard,optional
.build/fx-p1b-fe-parity/src/app/forex/account/funds/page.tsx,untracked,OPTIONAL,Audit/cert artifacts,git ls-files --others --exclude-standard,optional
.build/fx-p1b-fe-parity/src/app/forex/account/ledger/page.tsx,untracked,OPTIONAL,Audit/cert artifacts,git ls-files --others --exclude-standard,optional
.build/fx-p1b-fe-parity/src/app/forex/account/page.tsx,untracked,OPTIONAL,Audit/cert artifacts,git ls-files --others --exclude-standard,optional
.build/fx-p1b-fe-parity/src/app/forex/alerts/page.tsx,untracked,OPTIONAL,Audit/cert artifacts,git ls-files --others --exclude-standard,optional
.build/fx-p1b-fe-parity/src/app/forex/analysis/page.tsx,untracked,OPTIONAL,Audit/cert artifacts,git ls-files --others --exclude-standard,optional
.build/fx-p1b-fe-parity/src/app/forex/layout.tsx,untracked,OPTIONAL,Audit/cert artifacts,git ls-files --others --exclude-standard,optional
.build/fx-p1b-fe-parity/src/app/forex/markets/page.tsx,untracked,OPTIONAL,Audit/cert artifacts,git ls-files --others --exclude-standard,optional
.build/fx-p1b-fe-parity/src/app/forex/orders/page.tsx,untracked,OPTIONAL,Audit/cert artifacts,git ls-files --others --exclude-standard,optional
.build/fx-p1b-fe-parity/src/app/forex/page.tsx,untracked,OPTIONAL,Audit/cert artifacts,git ls-files --others --exclude-standard,optional
.build/fx-p1b-fe-parity/src/app/forex/portfolio/page.tsx,untracked,OPTIONAL,Audit/cert artifacts,git ls-files --others --exclude-standard,optional
.build/fx-p1b-fe-parity/src/app/forex/trade/page.tsx,untracked,OPTIONAL,Audit/cert artifacts,git ls-files --others --exclude-standard,optional
.build/fx-p1b-fe-parity/src/app/globals.css,untracked,OPTIONAL,Audit/cert artifacts,git ls-files --others --exclude-standard,optional
.build/fx-p1b-fe-parity/src/app/history/page.tsx,untracked,OPTIONAL,Audit/cert artifacts,git ls-files --others --exclude-standard,optional
.build/fx-p1b-fe-parity/src/app/layout.tsx,untracked,OPTIONAL,Audit/cert artifacts,git ls-files --others --exclude-standard,optional
.build/fx-p1b-fe-parity/src/app/markets/MarketsPublicShell.tsx,untracked,OPTIONAL,Audit/cert artifacts,git ls-files --others --exclude-standard,optional
.build/fx-p1b-fe-parity/src/app/markets/layout.tsx,untracked,OPTIONAL,Audit/cert artifacts,git ls-files --others --exclude-standard,optional
.build/fx-p1b-fe-parity/src/app/markets/loading.tsx,untracked,OPTIONAL,Audit/cert artifacts,git ls-files --others --exclude-standard,optional
.build/fx-p1b-fe-parity/src/app/markets/page.tsx,untracked,OPTIONAL,Audit/cert artifacts,git ls-files --others --exclude-standard,optional
.build/fx-p1b-fe-parity/src/app/not-found.tsx,untracked,OPTIONAL,Audit/cert artifacts,git ls-files --others --exclude-standard,optional
.build/fx-p1b-fe-parity/src/app/orders/history/page.tsx,untracked,OPTIONAL,Audit/cert artifacts,git ls-files --others --exclude-standard,optional
.build/fx-p1b-fe-parity/src/app/orders/layout.tsx,untracked,OPTIONAL,Audit/cert artifacts,git ls-files --others --exclude-standard,optional
.build/fx-p1b-fe-parity/src/app/orders/loading.tsx,untracked,OPTIONAL,Audit/cert artifacts,git ls-files --others --exclude-standard,optional
.build/fx-p1b-fe-parity/src/app/orders/p2p/page.tsx,untracked,OPTIONAL,Audit/cert artifacts,git ls-files --others --exclude-standard,optional
.build/fx-p1b-fe-parity/src/app/orders/page.tsx,untracked,OPTIONAL,Audit/cert artifacts,git ls-files --others --exclude-standard,optional
.build/fx-p1b-fe-parity/src/app/orders/spot/page.tsx,untracked,OPTIONAL,Audit/cert artifacts,git ls-files --others --exclude-standard,optional
.build/fx-p1b-fe-parity/src/app/orders/trades/page.tsx,untracked,OPTIONAL,Audit/cert artifacts,git ls-files --others --exclude-standard,optional
.build/fx-p1b-fe-parity/src/app/p2p-v2/create-ad/page.tsx,untracked,OPTIONAL,Audit/cert artifacts,git ls-files --others --exclude-standard,optional
.build/fx-p1b-fe-parity/src/app/p2p-v2/disputes/[id]/page.tsx,untracked,OPTIONAL,Audit/cert artifacts,git ls-files --others --exclude-standard,optional
.build/fx-p1b-fe-parity/src/app/p2p-v2/layout.tsx,untracked,OPTIONAL,Audit/cert artifacts,git ls-files --others --exclude-standard,optional
.build/fx-p1b-fe-parity/src/app/p2p-v2/loading.tsx,untracked,OPTIONAL,Audit/cert artifacts,git ls-files --others --exclude-standard,optional
.build/fx-p1b-fe-parity/src/app/p2p-v2/merchant-dashboard/page.tsx,untracked,OPTIONAL,Audit/cert artifacts,git ls-files --others --exclude-standard,optional
.build/fx-p1b-fe-parity/src/app/p2p-v2/merchant/[id]/page.tsx,untracked,OPTIONAL,Audit/cert artifacts,git ls-files --others --exclude-standard,optional
.build/fx-p1b-fe-parity/src/app/p2p-v2/my-ads/page.tsx,untracked,OPTIONAL,Audit/cert artifacts,git ls-files --others --exclude-standard,optional
.build/fx-p1b-fe-parity/src/app/p2p-v2/orders/[id]/page.tsx,untracked,OPTIONAL,Audit/cert artifacts,git ls-files --others --exclude-standard,optional
.build/fx-p1b-fe-parity/src/app/p2p-v2/orders/page.tsx,untracked,OPTIONAL,Audit/cert artifacts,git ls-files --others --exclude-standard,optional
.build/fx-p1b-fe-parity/src/app/p2p-v2/page.tsx,untracked,OPTIONAL,Audit/cert artifacts,git ls-files --others --exclude-standard,optional
.build/fx-p1b-fe-parity/src/app/p2p-v2/payment-methods/page.tsx,untracked,OPTIONAL,Audit/cert artifacts,git ls-files --others --exclude-standard,optional
.build/fx-p1b-fe-parity/src/app/p2p/P2PShellLayoutClient.tsx,untracked,OPTIONAL,Audit/cert artifacts,git ls-files --others --exclude-standard,optional
.build/fx-p1b-fe-parity/src/app/p2p/[type]/[crypto]/[fiat]/page.tsx,untracked,OPTIONAL,Audit/cert artifacts,git ls-files --others --exclude-standard,optional
.build/fx-p1b-fe-parity/src/app/p2p/create-ad/page.tsx,untracked,OPTIONAL,Audit/cert artifacts,git ls-files --others --exclude-standard,optional
.build/fx-p1b-fe-parity/src/app/p2p/disputes/[id]/page.tsx,untracked,OPTIONAL,Audit/cert artifacts,git ls-files --others --exclude-standard,optional
.build/fx-p1b-fe-parity/src/app/p2p/error.tsx,untracked,OPTIONAL,Audit/cert artifacts,git ls-files --others --exclude-standard,optional
.build/fx-p1b-fe-parity/src/app/p2p/layout.tsx,untracked,OPTIONAL,Audit/cert artifacts,git ls-files --others --exclude-standard,optional
.build/fx-p1b-fe-parity/src/app/p2p/loading.tsx,untracked,OPTIONAL,Audit/cert artifacts,git ls-files --others --exclude-standard,optional
.build/fx-p1b-fe-parity/src/app/p2p/merchant-dashboard/page.tsx,untracked,OPTIONAL,Audit/cert artifacts,git ls-files --others --exclude-standard,optional
.build/fx-p1b-fe-parity/src/app/p2p/merchant/[id]/page.tsx,untracked,OPTIONAL,Audit/cert artifacts,git ls-files --others --exclude-standard,optional
.build/fx-p1b-fe-parity/src/app/p2p/my-ads/page.tsx,untracked,OPTIONAL,Audit/cert artifacts,git ls-files --others --exclude-standard,optional
.build/fx-p1b-fe-parity/src/app/p2p/orders/[orderId]/page.tsx,untracked,OPTIONAL,Audit/cert artifacts,git ls-files --others --exclude-standard,optional
.build/fx-p1b-fe-parity/src/app/p2p/orders/page.tsx,untracked,OPTIONAL,Audit/cert artifacts,git ls-files --others --exclude-standard,optional
.build/fx-p1b-fe-parity/src/app/p2p/page.tsx,untracked,OPTIONAL,Audit/cert artifacts,git ls-files --others --exclude-standard,optional
.build/fx-p1b-fe-parity/src/app/p2p/payment-methods/page.tsx,untracked,OPTIONAL,Audit/cert artifacts,git ls-files --others --exclude-standard,optional
.build/fx-p1b-fe-parity/src/app/p2p/profile/[userId]/page.tsx,untracked,OPTIONAL,Audit/cert artifacts,git ls-files --others --exclude-standard,optional
.build/fx-p1b-fe-parity/src/app/page.tsx,untracked,OPTIONAL,Audit/cert artifacts,git ls-files --others --exclude-standard,optional
.build/fx-p1b-fe-parity/src/app/reset-password/page.tsx,untracked,OPTIONAL,Audit/cert artifacts,git ls-files --others --exclude-standard,optional
.build/fx-p1b-fe-parity/src/app/spot/page.tsx,untracked,OPTIONAL,Audit/cert artifacts,git ls-files --others --exclude-standard,optional
.build/fx-p1b-fe-parity/src/app/trade/TradeShellLayoutClient.tsx,untracked,OPTIONAL,Audit/cert artifacts,git ls-files --others --exclude-standard,optional
.build/fx-p1b-fe-parity/src/app/trade/error.tsx,untracked,OPTIONAL,Audit/cert artifacts,git ls-files --others --exclude-standard,optional
.build/fx-p1b-fe-parity/src/app/trade/layout.tsx,untracked,OPTIONAL,Audit/cert artifacts,git ls-files --others --exclude-standard,optional
.build/fx-p1b-fe-parity/src/app/trade/loading.tsx,untracked,OPTIONAL,Audit/cert artifacts,git ls-files --others --exclude-standard,optional
.build/fx-p1b-fe-parity/src/app/trade/page.tsx,untracked,OPTIONAL,Audit/cert artifacts,git ls-files --others --exclude-standard,optional
.build/fx-p1b-fe-parity/src/app/trade/spot/page.tsx,untracked,OPTIONAL,Audit/cert artifacts,git ls-files --others --exclude-standard,optional
.build/fx-p1b-fe-parity/src/app/wallet/[symbol]/page.tsx,untracked,OPTIONAL,Audit/cert artifacts,git ls-files --others --exclude-standard,optional
.build/fx-p1b-fe-parity/src/app/wallet/convert/layout.tsx,untracked,OPTIONAL,Audit/cert artifacts,git ls-files --others --exclude-standard,optional
.build/fx-p1b-fe-parity/src/app/wallet/convert/page.tsx,untracked,OPTIONAL,Audit/cert artifacts,git ls-files --others --exclude-standard,optional
.build/fx-p1b-fe-parity/src/app/wallet/deposit/crypto/page.tsx,untracked,OPTIONAL,Audit/cert artifacts,git ls-files --others --exclude-standard,optional
.build/fx-p1b-fe-parity/src/app/wallet/deposit/page.tsx,untracked,OPTIONAL,Audit/cert artifacts,git ls-files --others --exclude-standard,optional
.build/fx-p1b-fe-parity/src/app/wallet/error.tsx,untracked,OPTIONAL,Audit/cert artifacts,git ls-files --others --exclude-standard,optional
.build/fx-p1b-fe-parity/src/app/wallet/funding/page.tsx,untracked,OPTIONAL,Audit/cert artifacts,git ls-files --others --exclude-standard,optional
.build/fx-p1b-fe-parity/src/app/wallet/history/page.tsx,untracked,OPTIONAL,Audit/cert artifacts,git ls-files --others --exclude-standard,optional
.build/fx-p1b-fe-parity/src/app/wallet/layout.tsx,untracked,OPTIONAL,Audit/cert artifacts,git ls-files --others --exclude-standard,optional
.build/fx-p1b-fe-parity/src/app/wallet/loading.tsx,untracked,OPTIONAL,Audit/cert artifacts,git ls-files --others --exclude-standard,optional
.build/fx-p1b-fe-parity/src/app/wallet/page.tsx,untracked,OPTIONAL,Audit/cert artifacts,git ls-files --others --exclude-standard,optional
.build/fx-p1b-fe-parity/src/app/wallet/pnl/page.tsx,untracked,OPTIONAL,Audit/cert artifacts,git ls-files --others --exclude-standard,optional
.build/fx-p1b-fe-parity/src/app/wallet/transfer/page.tsx,untracked,OPTIONAL,Audit/cert artifacts,git ls-files --others --exclude-standard,optional
.build/fx-p1b-fe-parity/src/app/wallet/unified/page.tsx,untracked,OPTIONAL,Audit/cert artifacts,git ls-files --others --exclude-standard,optional
.build/fx-p1b-fe-parity/src/app/wallet/withdraw/crypto/page.tsx,untracked,OPTIONAL,Audit/cert artifacts,git ls-files --others --exclude-standard,optional
.build/fx-p1b-fe-parity/src/app/wallet/withdraw/fiat/page.tsx,untracked,OPTIONAL,Audit/cert artifacts,git ls-files --others --exclude-standard,optional
.build/fx-p1b-fe-parity/src/app/wallet/withdraw/page.tsx,untracked,OPTIONAL,Audit/cert artifacts,git ls-files --others --exclude-standard,optional
.build/fx-p1b-fe-parity/src/components/DockerUserAppHint.tsx,untracked,OPTIONAL,Audit/cert artifacts,git ls-files --others --exclude-standard,optional
.build/fx-p1b-fe-parity/src/components/GuestOnly.tsx,untracked,OPTIONAL,Audit/cert artifacts,git ls-files --others --exclude-standard,optional
.build/fx-p1b-fe-parity/src/components/PageSkeleton.tsx,untracked,OPTIONAL,Audit/cert artifacts,git ls-files --others --exclude-standard,optional
.build/fx-p1b-fe-parity/src/components/RequireAuth.tsx,untracked,OPTIONAL,Audit/cert artifacts,git ls-files --others --exclude-standard,optional
.build/fx-p1b-fe-parity/src/components/SessionManager.tsx,untracked,OPTIONAL,Audit/cert artifacts,git ls-files --others --exclude-standard,optional
.build/fx-p1b-fe-parity/src/components/ThemeProvider.tsx,untracked,OPTIONAL,Audit/cert artifacts,git ls-files --others --exclude-standard,optional
.build/fx-p1b-fe-parity/src/components/ThemeToggle.tsx,untracked,OPTIONAL,Audit/cert artifacts,git ls-files --others --exclude-standard,optional
.build/fx-p1b-fe-parity/src/components/TransferModal.tsx,untracked,OPTIONAL,Audit/cert artifacts,git ls-files --others --exclude-standard,optional
.build/fx-p1b-fe-parity/src/components/api/APIDocLinks.tsx,untracked,OPTIONAL,Audit/cert artifacts,git ls-files --others --exclude-standard,optional
.build/fx-p1b-fe-parity/src/components/api/APIPermissionSummary.tsx,untracked,OPTIONAL,Audit/cert artifacts,git ls-files --others --exclude-standard,optional
.build/fx-p1b-fe-parity/src/components/api/APISecurityIndicators.tsx,untracked,OPTIONAL,Audit/cert artifacts,git ls-files --others --exclude-standard,optional
.build/fx-p1b-fe-parity/src/components/api/APIUsageStats.tsx,untracked,OPTIONAL,Audit/cert artifacts,git ls-files --others --exclude-standard,optional
.build/fx-p1b-fe-parity/src/components/assets/AssetPerformanceTable.tsx,untracked,OPTIONAL,Audit/cert artifacts,git ls-files --others --exclude-standard,optional
.build/fx-p1b-fe-parity/src/components/assets/PortfolioAllocationChart.tsx,untracked,OPTIONAL,Audit/cert artifacts,git ls-files --others --exclude-standard,optional
.build/fx-p1b-fe-parity/src/components/assets/PortfolioChangeCard.tsx,untracked,OPTIONAL,Audit/cert artifacts,git ls-files --others --exclude-standard,optional
.build/fx-p1b-fe-parity/src/components/auth/AuthSplitLayout.tsx,untracked,OPTIONAL,Audit/cert artifacts,git ls-files --others --exclude-standard,optional
.build/fx-p1b-fe-parity/src/components/auth/AuthStatsPanel.tsx,untracked,OPTIONAL,Audit/cert artifacts,git ls-files --others --exclude-standard,optional
.build/fx-p1b-fe-parity/src/components/auth/LanguageSelector.tsx,untracked,OPTIONAL,Audit/cert artifacts,git ls-files --others --exclude-standard,optional
.build/fx-p1b-fe-parity/src/components/auth/TelegramLoginButton.tsx,untracked,OPTIONAL,Audit/cert artifacts,git ls-files --others --exclude-standard,optional
.build/fx-p1b-fe-parity/src/components/brand/BrandLoading.tsx,untracked,OPTIONAL,Audit/cert artifacts,git ls-files --others --exclude-standard,optional
.build/fx-p1b-fe-parity/src/components/brand/BrandLogo.tsx,untracked,OPTIONAL,Audit/cert artifacts,git ls-files --others --exclude-standard,optional
.build/fx-p1b-fe-parity/src/components/dashboard/DashboardPageShell.tsx,untracked,OPTIONAL,Audit/cert artifacts,git ls-files --others --exclude-standard,optional
.build/fx-p1b-fe-parity/src/components/dashboard/MiniSparkline.tsx,untracked,OPTIONAL,Audit/cert artifacts,git ls-files --others --exclude-standard,optional
.build/fx-p1b-fe-parity/src/components/eda/EdaCustomerHome.tsx,untracked,OPTIONAL,Audit/cert artifacts,git ls-files --others --exclude-standard,optional
.build/fx-p1b-fe-parity/src/components/eda/EdaHomeGate.tsx,untracked,OPTIONAL,Audit/cert artifacts,git ls-files --others --exclude-standard,optional
.build/fx-p1b-fe-parity/src/components/eda/EdaMoney.tsx,untracked,OPTIONAL,Audit/cert artifacts,git ls-files --others --exclude-standard,optional
.build/fx-p1b-fe-parity/src/components/eda/EdaProductSwitcher.tsx,untracked,OPTIONAL,Audit/cert artifacts,git ls-files --others --exclude-standard,optional
.build/fx-p1b-fe-parity/src/components/eda/EdaPublicFooter.tsx,untracked,OPTIONAL,Audit/cert artifacts,git ls-files --others --exclude-standard,optional
.build/fx-p1b-fe-parity/src/components/eda/EdaPublicHome.tsx,untracked,OPTIONAL,Audit/cert artifacts,git ls-files --others --exclude-standard,optional
.build/fx-p1b-fe-parity/src/components/forex/ForexAccountBar.tsx,untracked,OPTIONAL,Audit/cert artifacts,git ls-files --others --exclude-standard,optional
.build/fx-p1b-fe-parity/src/components/forex/ForexAccountNav.tsx,untracked,OPTIONAL,Audit/cert artifacts,git ls-files --others --exclude-standard,optional
.build/fx-p1b-fe-parity/src/components/forex/ForexAppToolbar.tsx,untracked,OPTIONAL,Audit/cert artifacts,git ls-files --others --exclude-standard,optional
.build/fx-p1b-fe-parity/src/components/forex/ForexBottomPanels.tsx,untracked,OPTIONAL,Audit/cert artifacts,git ls-files --others --exclude-standard,optional
.build/fx-p1b-fe-parity/src/components/forex/ForexChartFoundation.tsx,untracked,OPTIONAL,Audit/cert artifacts,git ls-files --others --exclude-standard,optional
.build/fx-p1b-fe-parity/src/components/forex/ForexChartToolbar.tsx,untracked,OPTIONAL,Audit/cert artifacts,git ls-files --others --exclude-standard,optional
.build/fx-p1b-fe-parity/src/components/forex/ForexChartWorkspace.tsx,untracked,OPTIONAL,Audit/cert artifacts,git ls-files --others --exclude-standard,optional
.build/fx-p1b-fe-parity/src/components/forex/ForexConnectionStatus.tsx,untracked,OPTIONAL,Audit/cert artifacts,git ls-files --others --exclude-standard,optional
.build/fx-p1b-fe-parity/src/components/forex/ForexDeepLinkSync.tsx,untracked,OPTIONAL,Audit/cert artifacts,git ls-files --others --exclude-standard,optional
.build/fx-p1b-fe-parity/src/components/forex/ForexIntelDrawer.tsx,untracked,OPTIONAL,Audit/cert artifacts,git ls-files --others --exclude-standard,optional
.build/fx-p1b-fe-parity/src/components/forex/ForexLightweightChart.tsx,untracked,OPTIONAL,Audit/cert artifacts,git ls-files --others --exclude-standard,optional
.build/fx-p1b-fe-parity/src/components/forex/ForexMarketStrip.tsx,untracked,OPTIONAL,Audit/cert artifacts,git ls-files --others --exclude-standard,optional
.build/fx-p1b-fe-parity/src/components/forex/ForexMetric.tsx,untracked,OPTIONAL,Audit/cert artifacts,git ls-files --others --exclude-standard,optional
.build/fx-p1b-fe-parity/src/components/forex/ForexMobileNav.tsx,untracked,OPTIONAL,Audit/cert artifacts,git ls-files --others --exclude-standard,optional
.build/fx-p1b-fe-parity/src/components/forex/ForexOrderTicket.tsx,untracked,OPTIONAL,Audit/cert artifacts,git ls-files --others --exclude-standard,optional
.build/fx-p1b-fe-parity/src/components/forex/ForexPageFrame.tsx,untracked,OPTIONAL,Audit/cert artifacts,git ls-files --others --exclude-standard,optional
.build/fx-p1b-fe-parity/src/components/forex/ForexPanelSplit.tsx,untracked,OPTIONAL,Audit/cert artifacts,git ls-files --others --exclude-standard,optional
.build/fx-p1b-fe-parity/src/components/forex/ForexPositionPanel.tsx,untracked,OPTIONAL,Audit/cert artifacts,git ls-files --others --exclude-standard,optional
.build/fx-p1b-fe-parity/src/components/forex/ForexProductSwitcher.tsx,untracked,OPTIONAL,Audit/cert artifacts,git ls-files --others --exclude-standard,optional
.build/fx-p1b-fe-parity/src/components/forex/ForexRiskBar.tsx,untracked,OPTIONAL,Audit/cert artifacts,git ls-files --others --exclude-standard,optional
.build/fx-p1b-fe-parity/src/components/forex/ForexRiskTools.tsx,untracked,OPTIONAL,Audit/cert artifacts,git ls-files --others --exclude-standard,optional
.build/fx-p1b-fe-parity/src/components/forex/ForexSessionBar.tsx,untracked,OPTIONAL,Audit/cert artifacts,git ls-files --others --exclude-standard,optional
.build/fx-p1b-fe-parity/src/components/forex/ForexSymbolSearch.tsx,untracked,OPTIONAL,Audit/cert artifacts,git ls-files --others --exclude-standard,optional
.build/fx-p1b-fe-parity/src/components/forex/ForexTerminalLayout.tsx,untracked,OPTIONAL,Audit/cert artifacts,git ls-files --others --exclude-standard,optional
.build/fx-p1b-fe-parity/src/components/forex/ForexTopNav.tsx,untracked,OPTIONAL,Audit/cert artifacts,git ls-files --others --exclude-standard,optional
.build/fx-p1b-fe-parity/src/components/forex/ForexWatchlist.tsx,untracked,OPTIONAL,Audit/cert artifacts,git ls-files --others --exclude-standard,optional
.build/fx-p1b-fe-parity/src/components/forex/ForexWorkspaceSwitch.tsx,untracked,OPTIONAL,Audit/cert artifacts,git ls-files --others --exclude-standard,optional
.build/fx-p1b-fe-parity/src/components/forex/HomeForexProductPair.tsx,untracked,OPTIONAL,Audit/cert artifacts,git ls-files --others --exclude-standard,optional
.build/fx-p1b-fe-parity/src/components/forex/format.ts,untracked,OPTIONAL,Audit/cert artifacts,git ls-files --others --exclude-standard,optional
.build/fx-p1b-fe-parity/src/components/home/HeroVisuals.tsx,untracked,OPTIONAL,Audit/cert artifacts,git ls-files --others --exclude-standard,optional
.build/fx-p1b-fe-parity/src/components/home/RevealOnScroll.tsx,untracked,OPTIONAL,Audit/cert artifacts,git ls-files --others --exclude-standard,optional
.build/fx-p1b-fe-parity/src/components/layout/ExchangeHeader.tsx,untracked,OPTIONAL,Audit/cert artifacts,git ls-files --others --exclude-standard,optional
.build/fx-p1b-fe-parity/src/components/layout/GlobalSearch.tsx,untracked,OPTIONAL,Audit/cert artifacts,git ls-files --others --exclude-standard,optional
.build/fx-p1b-fe-parity/src/components/layout/MobileBottomNav.tsx,untracked,OPTIONAL,Audit/cert artifacts,git ls-files --others --exclude-standard,optional
.build/fx-p1b-fe-parity/src/components/layout/NotificationCenter.tsx,untracked,OPTIONAL,Audit/cert artifacts,git ls-files --others --exclude-standard,optional
.build/fx-p1b-fe-parity/src/components/layout/PublicFooter.tsx,untracked,OPTIONAL,Audit/cert artifacts,git ls-files --others --exclude-standard,optional
.build/fx-p1b-fe-parity/src/components/layout/PublicHeader.tsx,untracked,OPTIONAL,Audit/cert artifacts,git ls-files --others --exclude-standard,optional
.build/fx-p1b-fe-parity/src/components/layout/PublicLayout.tsx,untracked,OPTIONAL,Audit/cert artifacts,git ls-files --others --exclude-standard,optional
.build/fx-p1b-fe-parity/src/components/p2p-v2/P2PActionButtons.tsx,untracked,OPTIONAL,Audit/cert artifacts,git ls-files --others --exclude-standard,optional
.build/fx-p1b-fe-parity/src/components/p2p-v2/P2PAdsTable.tsx,untracked,OPTIONAL,Audit/cert artifacts,git ls-files --others --exclude-standard,optional
.build/fx-p1b-fe-parity/src/components/p2p-v2/P2PChat.tsx,untracked,OPTIONAL,Audit/cert artifacts,git ls-files --others --exclude-standard,optional
.build/fx-p1b-fe-parity/src/components/p2p-v2/P2PFilters.tsx,untracked,OPTIONAL,Audit/cert artifacts,git ls-files --others --exclude-standard,optional
.build/fx-p1b-fe-parity/src/components/p2p-v2/P2PHeader.tsx,untracked,OPTIONAL,Audit/cert artifacts,git ls-files --others --exclude-standard,optional
.build/fx-p1b-fe-parity/src/components/p2p-v2/P2PMerchantCard.tsx,untracked,OPTIONAL,Audit/cert artifacts,git ls-files --others --exclude-standard,optional
.build/fx-p1b-fe-parity/src/components/p2p-v2/P2POrderSummary.tsx,untracked,OPTIONAL,Audit/cert artifacts,git ls-files --others --exclude-standard,optional
.build/fx-p1b-fe-parity/src/components/p2p-v2/P2PPaymentInstructions.tsx,untracked,OPTIONAL,Audit/cert artifacts,git ls-files --others --exclude-standard,optional
.build/fx-p1b-fe-parity/src/components/p2p-v2/P2PTimer.tsx,untracked,OPTIONAL,Audit/cert artifacts,git ls-files --others --exclude-standard,optional
.build/fx-p1b-fe-parity/src/components/p2p/P2PFilters.tsx,untracked,OPTIONAL,Audit/cert artifacts,git ls-files --others --exclude-standard,optional
.build/fx-p1b-fe-parity/src/components/p2p/P2PMerchantTable.tsx,untracked,OPTIONAL,Audit/cert artifacts,git ls-files --others --exclude-standard,optional
.build/fx-p1b-fe-parity/src/components/p2p/P2PPaymentMethodIcons.tsx,untracked,OPTIONAL,Audit/cert artifacts,git ls-files --others --exclude-standard,optional
.build/fx-p1b-fe-parity/src/components/p2p/P2PTradeWindow.tsx,untracked,OPTIONAL,Audit/cert artifacts,git ls-files --others --exclude-standard,optional
.build/fx-p1b-fe-parity/src/components/performance/UserRouteWarmup.tsx,untracked,OPTIONAL,Audit/cert artifacts,git ls-files --others --exclude-standard,optional
.build/fx-p1b-fe-parity/src/components/providers.tsx,untracked,OPTIONAL,Audit/cert artifacts,git ls-files --others --exclude-standard,optional
.build/fx-p1b-fe-parity/src/components/referral/ReferralBannerGenerator.tsx,untracked,OPTIONAL,Audit/cert artifacts,git ls-files --others --exclude-standard,optional
.build/fx-p1b-fe-parity/src/components/referral/ReferralEarningsChart.tsx,untracked,OPTIONAL,Audit/cert artifacts,git ls-files --others --exclude-standard,optional
.build/fx-p1b-fe-parity/src/components/referral/ReferralFunnel.tsx,untracked,OPTIONAL,Audit/cert artifacts,git ls-files --others --exclude-standard,optional
.build/fx-p1b-fe-parity/src/components/referral/ReferralLeaderboard.tsx,untracked,OPTIONAL,Audit/cert artifacts,git ls-files --others --exclude-standard,optional
.build/fx-p1b-fe-parity/src/components/trade/ChartPanel.tsx,untracked,OPTIONAL,Audit/cert artifacts,git ls-files --others --exclude-standard,optional
.build/fx-p1b-fe-parity/src/components/trade/PairHeader.tsx,untracked,OPTIONAL,Audit/cert artifacts,git ls-files --others --exclude-standard,optional
.build/fx-p1b-fe-parity/src/components/trade/SpotBottomPanel.tsx,untracked,OPTIONAL,Audit/cert artifacts,git ls-files --others --exclude-standard,optional
.build/fx-p1b-fe-parity/src/components/trade/SpotDepthChart.tsx,untracked,OPTIONAL,Audit/cert artifacts,git ls-files --others --exclude-standard,optional
.build/fx-p1b-fe-parity/src/components/trade/SpotMarketDataContext.test.ts,untracked,OPTIONAL,Audit/cert artifacts,git ls-files --others --exclude-standard,optional
.build/fx-p1b-fe-parity/src/components/trade/SpotMarketDataContext.tsx,untracked,OPTIONAL,Audit/cert artifacts,git ls-files --others --exclude-standard,optional
.build/fx-p1b-fe-parity/src/components/trade/SpotOrderEntryPanel.tsx,untracked,OPTIONAL,Audit/cert artifacts,git ls-files --others --exclude-standard,optional
.build/fx-p1b-fe-parity/src/components/trade/SpotOrderbookPanel.tsx,untracked,OPTIONAL,Audit/cert artifacts,git ls-files --others --exclude-standard,optional
.build/fx-p1b-fe-parity/src/components/trade/SpotPositionPanel.tsx,untracked,OPTIONAL,Audit/cert artifacts,git ls-files --others --exclude-standard,optional
.build/fx-p1b-fe-parity/src/components/trade/SpotTerminalStatusRow.tsx,untracked,OPTIONAL,Audit/cert artifacts,git ls-files --others --exclude-standard,optional
.build/fx-p1b-fe-parity/src/components/trade/SpotTradingGrid.tsx,untracked,OPTIONAL,Audit/cert artifacts,git ls-files --others --exclude-standard,optional
.build/fx-p1b-fe-parity/src/components/trade/SpotTradingGridTerminal.tsx,untracked,OPTIONAL,Audit/cert artifacts,git ls-files --others --exclude-standard,optional
.build/fx-p1b-fe-parity/src/components/trade/TerminalEmptyState.tsx,untracked,OPTIONAL,Audit/cert artifacts,git ls-files --others --exclude-standard,optional
.build/fx-p1b-fe-parity/src/components/trade/TerminalStatusChip.tsx,untracked,OPTIONAL,Audit/cert artifacts,git ls-files --others --exclude-standard,optional
.build/fx-p1b-fe-parity/src/components/trade/chart/ChartAdapter.ts,untracked,OPTIONAL,Audit/cert artifacts,git ls-files --others --exclude-standard,optional
.build/fx-p1b-fe-parity/src/components/trade/chart/ChartErrorBoundary.tsx,untracked,OPTIONAL,Audit/cert artifacts,git ls-files --others --exclude-standard,optional
.build/fx-p1b-fe-parity/src/components/trade/chart/LightweightChartsAdapter.ts,untracked,OPTIONAL,Audit/cert artifacts,git ls-files --others --exclude-standard,optional
.build/fx-p1b-fe-parity/src/components/trade/chart/PHASES_AND_INTEGRATION.md,untracked,OPTIONAL,Audit/cert artifacts,git ls-files --others --exclude-standard,optional
.build/fx-p1b-fe-parity/src/components/trade/chart/REGRESSION_CHECKLIST.md,untracked,OPTIONAL,Audit/cert artifacts,git ls-files --others --exclude-standard,optional
.build/fx-p1b-fe-parity/src/components/trade/chart/buildChartCandles.ts,untracked,OPTIONAL,Audit/cert artifacts,git ls-files --others --exclude-standard,optional
.build/fx-p1b-fe-parity/src/components/trade/chart/cssTradingColors.ts,untracked,OPTIONAL,Audit/cert artifacts,git ls-files --others --exclude-standard,optional
.build/fx-p1b-fe-parity/src/components/trade/chart/extension/types.ts,untracked,OPTIONAL,Audit/cert artifacts,git ls-files --others --exclude-standard,optional
.build/fx-p1b-fe-parity/src/components/trade/chart/getChartCandles.ts,untracked,OPTIONAL,Audit/cert artifacts,git ls-files --others --exclude-standard,optional
.build/fx-p1b-fe-parity/src/components/trade/chart/index.ts,untracked,OPTIONAL,Audit/cert artifacts,git ls-files --others --exclude-standard,optional
.build/fx-p1b-fe-parity/src/components/trade/chart/indicators.ts,untracked,OPTIONAL,Audit/cert artifacts,git ls-files --others --exclude-standard,optional
.build/fx-p1b-fe-parity/src/components/trade/chart/indicators/plugins/ModularEmaVwapPlugin.ts,untracked,OPTIONAL,Audit/cert artifacts,git ls-files --others --exclude-standard,optional
.build/fx-p1b-fe-parity/src/components/trade/chart/indicators/plugins/OverlayStudyPlugin.ts,untracked,OPTIONAL,Audit/cert artifacts,git ls-files --others --exclude-standard,optional
.build/fx-p1b-fe-parity/src/components/trade/chart/indicators/plugins/RsiPanePlugin.ts,untracked,OPTIONAL,Audit/cert artifacts,git ls-files --others --exclude-standard,optional
.build/fx-p1b-fe-parity/src/components/trade/chart/indicators/plugins/VolumeMaPlugin.ts,untracked,OPTIONAL,Audit/cert artifacts,git ls-files --others --exclude-standard,optional
.build/fx-p1b-fe-parity/src/components/trade/chart/indicators/plugins/index.ts,untracked,OPTIONAL,Audit/cert artifacts,git ls-files --others --exclude-standard,optional
.build/fx-p1b-fe-parity/src/components/trade/chart/indicators/plugins/pluginTypes.ts,untracked,OPTIONAL,Audit/cert artifacts,git ls-files --others --exclude-standard,optional
.build/fx-p1b-fe-parity/src/components/trade/chart/lightweightChartsData.test.ts,untracked,OPTIONAL,Audit/cert artifacts,git ls-files --others --exclude-standard,optional
.build/fx-p1b-fe-parity/src/components/trade/chart/lightweightChartsData.ts,untracked,OPTIONAL,Audit/cert artifacts,git ls-files --others --exclude-standard,optional
.build/fx-p1b-fe-parity/src/components/trade/chart/normalizeCandleData.ts,untracked,OPTIONAL,Audit/cert artifacts,git ls-files --others --exclude-standard,optional
.build/fx-p1b-fe-parity/src/components/trade/chart/overlays/README.md,untracked,OPTIONAL,Audit/cert artifacts,git ls-files --others --exclude-standard,optional
.build/fx-p1b-fe-parity/src/components/trade/chart/tools/DrawingToolManager.ts,untracked,OPTIONAL,Audit/cert artifacts,git ls-files --others --exclude-standard,optional
.build/fx-p1b-fe-parity/src/components/trade/chart/tools/FibonacciRetracementTool.ts,untracked,OPTIONAL,Audit/cert artifacts,git ls-files --others --exclude-standard,optional
.build/fx-p1b-fe-parity/src/components/trade/chart/useChartAdapter.ts,untracked,OPTIONAL,Audit/cert artifacts,git ls-files --others --exclude-standard,optional
.build/fx-p1b-fe-parity/src/components/trade/chart/utils/throttle.ts,untracked,OPTIONAL,Audit/cert artifacts,git ls-files --others --exclude-standard,optional
.build/fx-p1b-fe-parity/src/components/trade/chart/validateCandleContinuity.ts,untracked,OPTIONAL,Audit/cert artifacts,git ls-files --others --exclude-standard,optional
.build/fx-p1b-fe-parity/src/components/trade/terminalFormat.ts,untracked,OPTIONAL,Audit/cert artifacts,git ls-files --others --exclude-standard,optional
.build/fx-p1b-fe-parity/src/components/trade/terminalUiFormat.ts,untracked,OPTIONAL,Audit/cert artifacts,git ls-files --others --exclude-standard,optional
.build/fx-p1b-fe-parity/src/components/trade/tradeStreamSanitizer.ts,untracked,OPTIONAL,Audit/cert artifacts,git ls-files --others --exclude-standard,optional
.build/fx-p1b-fe-parity/src/components/trade/useSpotBottomPanel.ts,untracked,OPTIONAL,Audit/cert artifacts,git ls-files --others --exclude-standard,optional
.build/fx-p1b-fe-parity/src/components/trading/MarketsSidebar.tsx,untracked,OPTIONAL,Audit/cert artifacts,git ls-files --others --exclude-standard,optional
.build/fx-p1b-fe-parity/src/components/ui/CoinIcon.tsx,untracked,OPTIONAL,Audit/cert artifacts,git ls-files --others --exclude-standard,optional
.build/fx-p1b-fe-parity/src/components/ui/EmptyState.tsx,untracked,OPTIONAL,Audit/cert artifacts,git ls-files --others --exclude-standard,optional
.build/fx-p1b-fe-parity/src/components/ui/ErrorState.tsx,untracked,OPTIONAL,Audit/cert artifacts,git ls-files --others --exclude-standard,optional
.build/fx-p1b-fe-parity/src/components/ui/InfoTooltip.tsx,untracked,OPTIONAL,Audit/cert artifacts,git ls-files --others --exclude-standard,optional
.build/fx-p1b-fe-parity/src/components/ui/Skeleton.tsx,untracked,OPTIONAL,Audit/cert artifacts,git ls-files --others --exclude-standard,optional
.build/fx-p1b-fe-parity/src/components/ui/Tooltip.tsx,untracked,OPTIONAL,Audit/cert artifacts,git ls-files --others --exclude-standard,optional
.build/fx-p1b-fe-parity/src/components/ui/alert-dialog.tsx,untracked,OPTIONAL,Audit/cert artifacts,git ls-files --others --exclude-standard,optional
.build/fx-p1b-fe-parity/src/components/ui/avatar.tsx,untracked,OPTIONAL,Audit/cert artifacts,git ls-files --others --exclude-standard,optional
.build/fx-p1b-fe-parity/src/components/ui/badge.tsx,untracked,OPTIONAL,Audit/cert artifacts,git ls-files --others --exclude-standard,optional
.build/fx-p1b-fe-parity/src/components/ui/button.tsx,untracked,OPTIONAL,Audit/cert artifacts,git ls-files --others --exclude-standard,optional
.build/fx-p1b-fe-parity/src/components/ui/card.tsx,untracked,OPTIONAL,Audit/cert artifacts,git ls-files --others --exclude-standard,optional
.build/fx-p1b-fe-parity/src/components/ui/dialog.tsx,untracked,OPTIONAL,Audit/cert artifacts,git ls-files --others --exclude-standard,optional
.build/fx-p1b-fe-parity/src/components/ui/dropdown-menu.tsx,untracked,OPTIONAL,Audit/cert artifacts,git ls-files --others --exclude-standard,optional
.build/fx-p1b-fe-parity/src/components/ui/input.tsx,untracked,OPTIONAL,Audit/cert artifacts,git ls-files --others --exclude-standard,optional
.build/fx-p1b-fe-parity/src/components/ui/progress.tsx,untracked,OPTIONAL,Audit/cert artifacts,git ls-files --others --exclude-standard,optional
.build/fx-p1b-fe-parity/src/components/ui/select.tsx,untracked,OPTIONAL,Audit/cert artifacts,git ls-files --others --exclude-standard,optional
.build/fx-p1b-fe-parity/src/components/ui/switch.tsx,untracked,OPTIONAL,Audit/cert artifacts,git ls-files --others --exclude-standard,optional
.build/fx-p1b-fe-parity/src/components/ui/table.tsx,untracked,OPTIONAL,Audit/cert artifacts,git ls-files --others --exclude-standard,optional
.build/fx-p1b-fe-parity/src/components/ui/tabs.tsx,untracked,OPTIONAL,Audit/cert artifacts,git ls-files --others --exclude-standard,optional
.build/fx-p1b-fe-parity/src/components/ui/toaster.tsx,untracked,OPTIONAL,Audit/cert artifacts,git ls-files --others --exclude-standard,optional
.build/fx-p1b-fe-parity/src/components/wallet/WalletOperationsShell.tsx,untracked,OPTIONAL,Audit/cert artifacts,git ls-files --others --exclude-standard,optional
.build/fx-p1b-fe-parity/src/components/wallet/WalletWithdrawNav.tsx,untracked,OPTIONAL,Audit/cert artifacts,git ls-files --others --exclude-standard,optional
.build/fx-p1b-fe-parity/src/context/AuthContext.tsx,untracked,OPTIONAL,Audit/cert artifacts,git ls-files --others --exclude-standard,optional
.build/fx-p1b-fe-parity/src/context/DisplayCurrencyProvider.tsx,untracked,OPTIONAL,Audit/cert artifacts,git ls-files --others --exclude-standard,optional
.build/fx-p1b-fe-parity/src/data/exchangeProgressSteps.ts,untracked,OPTIONAL,Audit/cert artifacts,git ls-files --others --exclude-standard,optional
.build/fx-p1b-fe-parity/src/hooks/useInfiniteScroll.ts,untracked,OPTIONAL,Audit/cert artifacts,git ls-files --others --exclude-standard,optional
.build/fx-p1b-fe-parity/src/hooks/useP2pOrderWs.ts,untracked,OPTIONAL,Audit/cert artifacts,git ls-files --others --exclude-standard,optional
.build/fx-p1b-fe-parity/src/hooks/useP2pReferencePrice.ts,untracked,OPTIONAL,Audit/cert artifacts,git ls-files --others --exclude-standard,optional
.build/fx-p1b-fe-parity/src/hooks/useReferencePrice.ts,untracked,OPTIONAL,Audit/cert artifacts,git ls-files --others --exclude-standard,optional
.build/fx-p1b-fe-parity/src/hooks/useSpotFavorites.ts,untracked,OPTIONAL,Audit/cert artifacts,git ls-files --others --exclude-standard,optional
.build/fx-p1b-fe-parity/src/hooks/useSpotWs.ts,untracked,OPTIONAL,Audit/cert artifacts,git ls-files --others --exclude-standard,optional
.build/fx-p1b-fe-parity/src/lib/api.ts,untracked,OPTIONAL,Audit/cert artifacts,git ls-files --others --exclude-standard,optional
.build/fx-p1b-fe-parity/src/lib/auth-cookie-edge.ts,untracked,OPTIONAL,Audit/cert artifacts,git ls-files --others --exclude-standard,optional
.build/fx-p1b-fe-parity/src/lib/authLogout.ts,untracked,OPTIONAL,Audit/cert artifacts,git ls-files --others --exclude-standard,optional
.build/fx-p1b-fe-parity/src/lib/authSession.ts,untracked,OPTIONAL,Audit/cert artifacts,git ls-files --others --exclude-standard,optional
.build/fx-p1b-fe-parity/src/lib/balances.ts,untracked,OPTIONAL,Audit/cert artifacts,git ls-files --others --exclude-standard,optional
.build/fx-p1b-fe-parity/src/lib/brand.ts,untracked,OPTIONAL,Audit/cert artifacts,git ls-files --others --exclude-standard,optional
.build/fx-p1b-fe-parity/src/lib/currency/CurrencyConversionUtility.ts,untracked,OPTIONAL,Audit/cert artifacts,git ls-files --others --exclude-standard,optional
.build/fx-p1b-fe-parity/src/lib/currency/CurrencyPreferenceService.ts,untracked,OPTIONAL,Audit/cert artifacts,git ls-files --others --exclude-standard,optional
.build/fx-p1b-fe-parity/src/lib/currency/FXRateService.ts,untracked,OPTIONAL,Audit/cert artifacts,git ls-files --others --exclude-standard,optional
.build/fx-p1b-fe-parity/src/lib/eda/eda-phase13.test.ts,untracked,OPTIONAL,Audit/cert artifacts,git ls-files --others --exclude-standard,optional
.build/fx-p1b-fe-parity/src/lib/eda/eda-public-home.test.ts,untracked,OPTIONAL,Audit/cert artifacts,git ls-files --others --exclude-standard,optional
.build/fx-p1b-fe-parity/src/lib/eda/money-state.ts,untracked,OPTIONAL,Audit/cert artifacts,git ls-files --others --exclude-standard,optional
.build/fx-p1b-fe-parity/src/lib/eda/public-markets.ts,untracked,OPTIONAL,Audit/cert artifacts,git ls-files --others --exclude-standard,optional
.build/fx-p1b-fe-parity/src/lib/errorMessages.ts,untracked,OPTIONAL,Audit/cert artifacts,git ls-files --others --exclude-standard,optional
.build/fx-p1b-fe-parity/src/lib/exportCsv.ts,untracked,OPTIONAL,Audit/cert artifacts,git ls-files --others --exclude-standard,optional
.build/fx-p1b-fe-parity/src/lib/fiatApi.ts,untracked,OPTIONAL,Audit/cert artifacts,git ls-files --others --exclude-standard,optional
.build/fx-p1b-fe-parity/src/lib/forex/analysis/indicators.ts,untracked,OPTIONAL,Audit/cert artifacts,git ls-files --others --exclude-standard,optional
.build/fx-p1b-fe-parity/src/lib/forex/api/auth-token.ts,untracked,OPTIONAL,Audit/cert artifacts,git ls-files --others --exclude-standard,optional
.build/fx-p1b-fe-parity/src/lib/forex/api/client.ts,untracked,OPTIONAL,Audit/cert artifacts,git ls-files --others --exclude-standard,optional
.build/fx-p1b-fe-parity/src/lib/forex/brand.ts,untracked,OPTIONAL,Audit/cert artifacts,git ls-files --others --exclude-standard,optional
.build/fx-p1b-fe-parity/src/lib/forex/chart/forex-drawings.ts,untracked,OPTIONAL,Audit/cert artifacts,git ls-files --others --exclude-standard,optional
.build/fx-p1b-fe-parity/src/lib/forex/chart/pip-math.test.ts,untracked,OPTIONAL,Audit/cert artifacts,git ls-files --others --exclude-standard,optional
.build/fx-p1b-fe-parity/src/lib/forex/chart/pip-math.ts,untracked,OPTIONAL,Audit/cert artifacts,git ls-files --others --exclude-standard,optional
.build/fx-p1b-fe-parity/src/lib/forex/chart/session-markers.ts,untracked,OPTIONAL,Audit/cert artifacts,git ls-files --others --exclude-standard,optional
.build/fx-p1b-fe-parity/src/lib/forex/chart/structure-levels.ts,untracked,OPTIONAL,Audit/cert artifacts,git ls-files --others --exclude-standard,optional
.build/fx-p1b-fe-parity/src/lib/forex/chart/studies.ts,untracked,OPTIONAL,Audit/cert artifacts,git ls-files --others --exclude-standard,optional
.build/fx-p1b-fe-parity/src/lib/forex/eda-unification.test.ts,untracked,OPTIONAL,Audit/cert artifacts,git ls-files --others --exclude-standard,optional
.build/fx-p1b-fe-parity/src/lib/forex/forex-candles.test.ts,untracked,OPTIONAL,Audit/cert artifacts,git ls-files --others --exclude-standard,optional
.build/fx-p1b-fe-parity/src/lib/forex/forex-foundation.test.ts,untracked,OPTIONAL,Audit/cert artifacts,git ls-files --others --exclude-standard,optional
.build/fx-p1b-fe-parity/src/lib/forex/forex-phase11.test.ts,untracked,OPTIONAL,Audit/cert artifacts,git ls-files --others --exclude-standard,optional
.build/fx-p1b-fe-parity/src/lib/forex/forex-positions.test.ts,untracked,OPTIONAL,Audit/cert artifacts,git ls-files --others --exclude-standard,optional
.build/fx-p1b-fe-parity/src/lib/forex/forex-preview.test.ts,untracked,OPTIONAL,Audit/cert artifacts,git ls-files --others --exclude-standard,optional
.build/fx-p1b-fe-parity/src/lib/forex/forex-workstation-ui.test.ts,untracked,OPTIONAL,Audit/cert artifacts,git ls-files --others --exclude-standard,optional
.build/fx-p1b-fe-parity/src/lib/forex/local-indicators.ts,untracked,OPTIONAL,Audit/cert artifacts,git ls-files --others --exclude-standard,optional
.build/fx-p1b-fe-parity/src/lib/forex/market-data/candle-engine.test.ts,untracked,OPTIONAL,Audit/cert artifacts,git ls-files --others --exclude-standard,optional
.build/fx-p1b-fe-parity/src/lib/forex/market-data/candle-engine.ts,untracked,OPTIONAL,Audit/cert artifacts,git ls-files --others --exclude-standard,optional
.build/fx-p1b-fe-parity/src/lib/forex/market-data/provider.ts,untracked,OPTIONAL,Audit/cert artifacts,git ls-files --others --exclude-standard,optional
.build/fx-p1b-fe-parity/src/lib/forex/market-data/quote-chart-overlay.test.ts,untracked,OPTIONAL,Audit/cert artifacts,git ls-files --others --exclude-standard,optional
.build/fx-p1b-fe-parity/src/lib/forex/market-data/quote-chart-overlay.ts,untracked,OPTIONAL,Audit/cert artifacts,git ls-files --others --exclude-standard,optional
.build/fx-p1b-fe-parity/src/lib/forex/models/candles.ts,untracked,OPTIONAL,Audit/cert artifacts,git ls-files --others --exclude-standard,optional
.build/fx-p1b-fe-parity/src/lib/forex/models/errors.ts,untracked,OPTIONAL,Audit/cert artifacts,git ls-files --others --exclude-standard,optional
.build/fx-p1b-fe-parity/src/lib/forex/models/live-valuation.ts,untracked,OPTIONAL,Audit/cert artifacts,git ls-files --others --exclude-standard,optional
.build/fx-p1b-fe-parity/src/lib/forex/models/position.ts,untracked,OPTIONAL,Audit/cert artifacts,git ls-files --others --exclude-standard,optional
.build/fx-p1b-fe-parity/src/lib/forex/models/preview.ts,untracked,OPTIONAL,Audit/cert artifacts,git ls-files --others --exclude-standard,optional
.build/fx-p1b-fe-parity/src/lib/forex/models/quotes.ts,untracked,OPTIONAL,Audit/cert artifacts,git ls-files --others --exclude-standard,optional
.build/fx-p1b-fe-parity/src/lib/forex/models/types.ts,untracked,OPTIONAL,Audit/cert artifacts,git ls-files --others --exclude-standard,optional
.build/fx-p1b-fe-parity/src/lib/forex/routes.ts,untracked,OPTIONAL,Audit/cert artifacts,git ls-files --others --exclude-standard,optional
.build/fx-p1b-fe-parity/src/lib/forex/runtime/client-id.test.ts,untracked,OPTIONAL,Audit/cert artifacts,git ls-files --others --exclude-standard,optional
.build/fx-p1b-fe-parity/src/lib/forex/runtime/client-id.ts,untracked,OPTIONAL,Audit/cert artifacts,git ls-files --others --exclude-standard,optional
.build/fx-p1b-fe-parity/src/lib/forex/runtime/hydrate.ts,untracked,OPTIONAL,Audit/cert artifacts,git ls-files --others --exclude-standard,optional
.build/fx-p1b-fe-parity/src/lib/forex/runtime/useForexCandles.ts,untracked,OPTIONAL,Audit/cert artifacts,git ls-files --others --exclude-standard,optional
.build/fx-p1b-fe-parity/src/lib/forex/runtime/useForexOrderEngine.ts,untracked,OPTIONAL,Audit/cert artifacts,git ls-files --others --exclude-standard,optional
.build/fx-p1b-fe-parity/src/lib/forex/runtime/useForexPositionActions.ts,untracked,OPTIONAL,Audit/cert artifacts,git ls-files --others --exclude-standard,optional
.build/fx-p1b-fe-parity/src/lib/forex/runtime/useForexPreview.ts,untracked,OPTIONAL,Audit/cert artifacts,git ls-files --others --exclude-standard,optional
.build/fx-p1b-fe-parity/src/lib/forex/runtime/useForexRuntime.ts,untracked,OPTIONAL,Audit/cert artifacts,git ls-files --others --exclude-standard,optional
.build/fx-p1b-fe-parity/src/lib/forex/runtime/useForexSession.ts,untracked,OPTIONAL,Audit/cert artifacts,git ls-files --others --exclude-standard,optional
.build/fx-p1b-fe-parity/src/lib/forex/selectors/connection.ts,untracked,OPTIONAL,Audit/cert artifacts,git ls-files --others --exclude-standard,optional
.build/fx-p1b-fe-parity/src/lib/forex/state/store.ts,untracked,OPTIONAL,Audit/cert artifacts,git ls-files --others --exclude-standard,optional
.build/fx-p1b-fe-parity/src/lib/forex/state/workspace-layout.test.ts,untracked,OPTIONAL,Audit/cert artifacts,git ls-files --others --exclude-standard,optional
.build/fx-p1b-fe-parity/src/lib/forex/state/workspace.ts,untracked,OPTIONAL,Audit/cert artifacts,git ls-files --others --exclude-standard,optional
.build/fx-p1b-fe-parity/src/lib/forex/websocket/channels.ts,untracked,OPTIONAL,Audit/cert artifacts,git ls-files --others --exclude-standard,optional
.build/fx-p1b-fe-parity/src/lib/forex/websocket/manager.ts,untracked,OPTIONAL,Audit/cert artifacts,git ls-files --others --exclude-standard,optional
.build/fx-p1b-fe-parity/src/lib/forex/websocket/url.ts,untracked,OPTIONAL,Audit/cert artifacts,git ls-files --others --exclude-standard,optional
.build/fx-p1b-fe-parity/src/lib/getApiUrl.ts,untracked,OPTIONAL,Audit/cert artifacts,git ls-files --others --exclude-standard,optional
.build/fx-p1b-fe-parity/src/lib/idempotency.ts,untracked,OPTIONAL,Audit/cert artifacts,git ls-files --others --exclude-standard,optional
.build/fx-p1b-fe-parity/src/lib/marketDataUxCopy.ts,untracked,OPTIONAL,Audit/cert artifacts,git ls-files --others --exclude-standard,optional
.build/fx-p1b-fe-parity/src/lib/notifyError.ts,untracked,OPTIONAL,Audit/cert artifacts,git ls-files --others --exclude-standard,optional
.build/fx-p1b-fe-parity/src/lib/oauth.ts,untracked,OPTIONAL,Audit/cert artifacts,git ls-files --others --exclude-standard,optional
.build/fx-p1b-fe-parity/src/lib/orderbookDelta.ts,untracked,OPTIONAL,Audit/cert artifacts,git ls-files --others --exclude-standard,optional
.build/fx-p1b-fe-parity/src/lib/p2p-v2-utils.ts,untracked,OPTIONAL,Audit/cert artifacts,git ls-files --others --exclude-standard,optional
.build/fx-p1b-fe-parity/src/lib/p2pApi.ts,untracked,OPTIONAL,Audit/cert artifacts,git ls-files --others --exclude-standard,optional
.build/fx-p1b-fe-parity/src/lib/passkey.ts,untracked,OPTIONAL,Audit/cert artifacts,git ls-files --others --exclude-standard,optional
.build/fx-p1b-fe-parity/src/lib/pushNotifications.ts,untracked,OPTIONAL,Audit/cert artifacts,git ls-files --others --exclude-standard,optional
.build/fx-p1b-fe-parity/src/lib/routes.ts,untracked,OPTIONAL,Audit/cert artifacts,git ls-files --others --exclude-standard,optional
.build/fx-p1b-fe-parity/src/lib/seo/pageMetadata.ts,untracked,OPTIONAL,Audit/cert artifacts,git ls-files --others --exclude-standard,optional
.build/fx-p1b-fe-parity/src/lib/spotPriceDisplay.ts,untracked,OPTIONAL,Audit/cert artifacts,git ls-files --others --exclude-standard,optional
.build/fx-p1b-fe-parity/src/lib/tier1-canonical-routes.ts,untracked,OPTIONAL,Audit/cert artifacts,git ls-files --others --exclude-standard,optional
.build/fx-p1b-fe-parity/src/lib/tier1-shell-routes.ts,untracked,OPTIONAL,Audit/cert artifacts,git ls-files --others --exclude-standard,optional
.build/fx-p1b-fe-parity/src/lib/utils.ts,untracked,OPTIONAL,Audit/cert artifacts,git ls-files --others --exclude-standard,optional
.build/fx-p1b-fe-parity/src/lib/volumeMetrics.ts,untracked,OPTIONAL,Audit/cert artifacts,git ls-files --others --exclude-standard,optional
.build/fx-p1b-fe-parity/src/lib/webauthn.ts,untracked,OPTIONAL,Audit/cert artifacts,git ls-files --others --exclude-standard,optional
.build/fx-p1b-fe-parity/src/middleware.ts,untracked,OPTIONAL,Audit/cert artifacts,git ls-files --others --exclude-standard,optional
.build/fx-p1b-fe-parity/src/store/auth.ts,untracked,OPTIONAL,Audit/cert artifacts,git ls-files --others --exclude-standard,optional
.build/fx-p1b-fe-parity/src/store/theme.ts,untracked,OPTIONAL,Audit/cert artifacts,git ls-files --others --exclude-standard,optional
.build/fx-p1b-fe-parity/src/types/admin.ts,untracked,OPTIONAL,Audit/cert artifacts,git ls-files --others --exclude-standard,optional
.build/fx-p1b-fe-parity/tailwind.config.ts,untracked,OPTIONAL,Audit/cert artifacts,git ls-files --others --exclude-standard,optional
.build/fx-p1b-fe-parity/tsconfig.json,untracked,OPTIONAL,Audit/cert artifacts,git ls-files --others --exclude-standard,optional
.build/fx-phase1c-be/Dockerfile,untracked,OPTIONAL,Audit/cert artifacts,git ls-files --others --exclude-standard,optional
.build/fx-phase1c-be/app/package-lock.json,untracked,OPTIONAL,Audit/cert artifacts,git ls-files --others --exclude-standard,optional
.build/fx-phase1c-be/app/package.json,untracked,OPTIONAL,Audit/cert artifacts,git ls-files --others --exclude-standard,optional
.build/fx-phase1c-fe/.eslintrc.json,untracked,OPTIONAL,Audit/cert artifacts,git ls-files --others --exclude-standard,optional
.build/fx-phase1c-fe/Dockerfile,untracked,OPTIONAL,Audit/cert artifacts,git ls-files --others --exclude-standard,optional
.build/fx-phase1c-fe/PHASE_A_LEAK_CHECK.txt,untracked,OPTIONAL,Audit/cert artifacts,git ls-files --others --exclude-standard,optional
.build/fx-phase1c-fe/RUNTIME.md,untracked,OPTIONAL,Audit/cert artifacts,git ls-files --others --exclude-standard,optional
.build/fx-phase1c-fe/docker-entrypoint.sh,untracked,OPTIONAL,Audit/cert artifacts,git ls-files --others --exclude-standard,optional
.build/fx-phase1c-fe/docs/DEEP-AUDIT.md,untracked,OPTIONAL,Audit/cert artifacts,git ls-files --others --exclude-standard,optional
.build/fx-phase1c-fe/docs/SPOT-PAGE-AUDIT.md,untracked,OPTIONAL,Audit/cert artifacts,git ls-files --others --exclude-standard,optional
.build/fx-phase1c-fe/next-env.d.ts,untracked,OPTIONAL,Audit/cert artifacts,git ls-files --others --exclude-standard,optional
.build/fx-phase1c-fe/next.config.js,untracked,OPTIONAL,Audit/cert artifacts,git ls-files --others --exclude-standard,optional
.build/fx-phase1c-fe/package-lock.json,untracked,OPTIONAL,Audit/cert artifacts,git ls-files --others --exclude-standard,optional
.build/fx-phase1c-fe/package.json,untracked,OPTIONAL,Audit/cert artifacts,git ls-files --others --exclude-standard,optional
.build/fx-phase1c-fe/postcss.config.js,untracked,OPTIONAL,Audit/cert artifacts,git ls-files --others --exclude-standard,optional
.build/fx-phase1c-fe/public/android-chrome-192x192.png,untracked,OPTIONAL,Audit/cert artifacts,git ls-files --others --exclude-standard,optional
.build/fx-phase1c-fe/public/android-chrome-512x512.png,untracked,OPTIONAL,Audit/cert artifacts,git ls-files --others --exclude-standard,optional
.build/fx-phase1c-fe/public/apple-touch-icon.png,untracked,OPTIONAL,Audit/cert artifacts,git ls-files --others --exclude-standard,optional
.build/fx-phase1c-fe/public/assets/upload/blockchain-logo/arbitrum.svg,untracked,OPTIONAL,Audit/cert artifacts,git ls-files --others --exclude-standard,optional
.build/fx-phase1c-fe/public/assets/upload/blockchain-logo/avalanche.svg,untracked,OPTIONAL,Audit/cert artifacts,git ls-files --others --exclude-standard,optional
.build/fx-phase1c-fe/public/assets/upload/blockchain-logo/bitcoin.svg,untracked,OPTIONAL,Audit/cert artifacts,git ls-files --others --exclude-standard,optional
.build/fx-phase1c-fe/public/assets/upload/blockchain-logo/bnb.svg,untracked,OPTIONAL,Audit/cert artifacts,git ls-files --others --exclude-standard,optional
.build/fx-phase1c-fe/public/assets/upload/blockchain-logo/ethereum.svg,untracked,OPTIONAL,Audit/cert artifacts,git ls-files --others --exclude-standard,optional
.build/fx-phase1c-fe/public/assets/upload/blockchain-logo/polygon.svg,untracked,OPTIONAL,Audit/cert artifacts,git ls-files --others --exclude-standard,optional
.build/fx-phase1c-fe/public/assets/upload/blockchain-logo/solana.svg,untracked,OPTIONAL,Audit/cert artifacts,git ls-files --others --exclude-standard,optional
.build/fx-phase1c-fe/public/assets/upload/blockchain-logo/tron.svg,untracked,OPTIONAL,Audit/cert artifacts,git ls-files --others --exclude-standard,optional
.build/fx-phase1c-fe/public/assets/upload/currency-logo/1inch.svg,untracked,OPTIONAL,Audit/cert artifacts,git ls-files --others --exclude-standard,optional
.build/fx-phase1c-fe/public/assets/upload/currency-logo/aave.svg,untracked,OPTIONAL,Audit/cert artifacts,git ls-files --others --exclude-standard,optional
.build/fx-phase1c-fe/public/assets/upload/currency-logo/ada.svg,untracked,OPTIONAL,Audit/cert artifacts,git ls-files --others --exclude-standard,optional
.build/fx-phase1c-fe/public/assets/upload/currency-logo/agix.svg,untracked,OPTIONAL,Audit/cert artifacts,git ls-files --others --exclude-standard,optional
.build/fx-phase1c-fe/public/assets/upload/currency-logo/algo.svg,untracked,OPTIONAL,Audit/cert artifacts,git ls-files --others --exclude-standard,optional
.build/fx-phase1c-fe/public/assets/upload/currency-logo/ankr.svg,untracked,OPTIONAL,Audit/cert artifacts,git ls-files --others --exclude-standard,optional
.build/fx-phase1c-fe/public/assets/upload/currency-logo/ape.svg,untracked,OPTIONAL,Audit/cert artifacts,git ls-files --others --exclude-standard,optional
.build/fx-phase1c-fe/public/assets/upload/currency-logo/apt.svg,untracked,OPTIONAL,Audit/cert artifacts,git ls-files --others --exclude-standard,optional
.build/fx-phase1c-fe/public/assets/upload/currency-logo/ar.svg,untracked,OPTIONAL,Audit/cert artifacts,git ls-files --others --exclude-standard,optional
.build/fx-phase1c-fe/public/assets/upload/currency-logo/arb.svg,untracked,OPTIONAL,Audit/cert artifacts,git ls-files --others --exclude-standard,optional
.build/fx-phase1c-fe/public/assets/upload/currency-logo/aster.svg,untracked,OPTIONAL,Audit/cert artifacts,git ls-files --others --exclude-standard,optional
.build/fx-phase1c-fe/public/assets/upload/currency-logo/atom.svg,untracked,OPTIONAL,Audit/cert artifacts,git ls-files --others --exclude-standard,optional
.build/fx-phase1c-fe/public/assets/upload/currency-logo/avax.svg,untracked,OPTIONAL,Audit/cert artifacts,git ls-files --others --exclude-standard,optional
.build/fx-phase1c-fe/public/assets/upload/currency-logo/axs.svg,untracked,OPTIONAL,Audit/cert artifacts,git ls-files --others --exclude-standard,optional
.build/fx-phase1c-fe/public/assets/upload/currency-logo/bat.svg,untracked,OPTIONAL,Audit/cert artifacts,git ls-files --others --exclude-standard,optional
.build/fx-phase1c-fe/public/assets/upload/currency-logo/bch.svg,untracked,OPTIONAL,Audit/cert artifacts,git ls-files --others --exclude-standard,optional
.build/fx-phase1c-fe/public/assets/upload/currency-logo/blur.svg,untracked,OPTIONAL,Audit/cert artifacts,git ls-files --others --exclude-standard,optional
.build/fx-phase1c-fe/public/assets/upload/currency-logo/bnb.svg,untracked,OPTIONAL,Audit/cert artifacts,git ls-files --others --exclude-standard,optional
.build/fx-phase1c-fe/public/assets/upload/currency-logo/bone.svg,untracked,OPTIONAL,Audit/cert artifacts,git ls-files --others --exclude-standard,optional
.build/fx-phase1c-fe/public/assets/upload/currency-logo/bonk.svg,untracked,OPTIONAL,Audit/cert artifacts,git ls-files --others --exclude-standard,optional
.build/fx-phase1c-fe/public/assets/upload/currency-logo/btc.svg,untracked,OPTIONAL,Audit/cert artifacts,git ls-files --others --exclude-standard,optional
.build/fx-phase1c-fe/public/assets/upload/currency-logo/busd.svg,untracked,OPTIONAL,Audit/cert artifacts,git ls-files --others --exclude-standard,optional
.build/fx-phase1c-fe/public/assets/upload/currency-logo/cake.svg,untracked,OPTIONAL,Audit/cert artifacts,git ls-files --others --exclude-standard,optional
.build/fx-phase1c-fe/public/assets/upload/currency-logo/celo.svg,untracked,OPTIONAL,Audit/cert artifacts,git ls-files --others --exclude-standard,optional
.build/fx-phase1c-fe/public/assets/upload/currency-logo/chz.svg,untracked,OPTIONAL,Audit/cert artifacts,git ls-files --others --exclude-standard,optional
.build/fx-phase1c-fe/public/assets/upload/currency-logo/comp.svg,untracked,OPTIONAL,Audit/cert artifacts,git ls-files --others --exclude-standard,optional
.build/fx-phase1c-fe/public/assets/upload/currency-logo/crv.svg,untracked,OPTIONAL,Audit/cert artifacts,git ls-files --others --exclude-standard,optional
.build/fx-phase1c-fe/public/assets/upload/currency-logo/dai.svg,untracked,OPTIONAL,Audit/cert artifacts,git ls-files --others --exclude-standard,optional
.build/fx-phase1c-fe/public/assets/upload/currency-logo/dash.svg,untracked,OPTIONAL,Audit/cert artifacts,git ls-files --others --exclude-standard,optional
.build/fx-phase1c-fe/public/assets/upload/currency-logo/doge.svg,untracked,OPTIONAL,Audit/cert artifacts,git ls-files --others --exclude-standard,optional
.build/fx-phase1c-fe/public/assets/upload/currency-logo/dot.svg,untracked,OPTIONAL,Audit/cert artifacts,git ls-files --others --exclude-standard,optional
.build/fx-phase1c-fe/public/assets/upload/currency-logo/dydx.svg,untracked,OPTIONAL,Audit/cert artifacts,git ls-files --others --exclude-standard,optional
.build/fx-phase1c-fe/public/assets/upload/currency-logo/egld.svg,untracked,OPTIONAL,Audit/cert artifacts,git ls-files --others --exclude-standard,optional
.build/fx-phase1c-fe/public/assets/upload/currency-logo/enj.svg,untracked,OPTIONAL,Audit/cert artifacts,git ls-files --others --exclude-standard,optional
.build/fx-phase1c-fe/public/assets/upload/currency-logo/ens.svg,untracked,OPTIONAL,Audit/cert artifacts,git ls-files --others --exclude-standard,optional
.build/fx-phase1c-fe/public/assets/upload/currency-logo/eos.svg,untracked,OPTIONAL,Audit/cert artifacts,git ls-files --others --exclude-standard,optional
.build/fx-phase1c-fe/public/assets/upload/currency-logo/eth.svg,untracked,OPTIONAL,Audit/cert artifacts,git ls-files --others --exclude-standard,optional
.build/fx-phase1c-fe/public/assets/upload/currency-logo/fet.svg,untracked,OPTIONAL,Audit/cert artifacts,git ls-files --others --exclude-standard,optional
.build/fx-phase1c-fe/public/assets/upload/currency-logo/fil.svg,untracked,OPTIONAL,Audit/cert artifacts,git ls-files --others --exclude-standard,optional
.build/fx-phase1c-fe/public/assets/upload/currency-logo/floki.svg,untracked,OPTIONAL,Audit/cert artifacts,git ls-files --others --exclude-standard,optional
.build/fx-phase1c-fe/public/assets/upload/currency-logo/flow.svg,untracked,OPTIONAL,Audit/cert artifacts,git ls-files --others --exclude-standard,optional
.build/fx-phase1c-fe/public/assets/upload/currency-logo/frax.svg,untracked,OPTIONAL,Audit/cert artifacts,git ls-files --others --exclude-standard,optional
.build/fx-phase1c-fe/public/assets/upload/currency-logo/ftm.svg,untracked,OPTIONAL,Audit/cert artifacts,git ls-files --others --exclude-standard,optional
.build/fx-phase1c-fe/public/assets/upload/currency-logo/fxs.svg,untracked,OPTIONAL,Audit/cert artifacts,git ls-files --others --exclude-standard,optional
.build/fx-phase1c-fe/public/assets/upload/currency-logo/gala.svg,untracked,OPTIONAL,Audit/cert artifacts,git ls-files --others --exclude-standard,optional
.build/fx-phase1c-fe/public/assets/upload/currency-logo/gmt.svg,untracked,OPTIONAL,Audit/cert artifacts,git ls-files --others --exclude-standard,optional
.build/fx-phase1c-fe/public/assets/upload/currency-logo/gmx.svg,untracked,OPTIONAL,Audit/cert artifacts,git ls-files --others --exclude-standard,optional
.build/fx-phase1c-fe/public/assets/upload/currency-logo/grt.svg,untracked,OPTIONAL,Audit/cert artifacts,git ls-files --others --exclude-standard,optional
.build/fx-phase1c-fe/public/assets/upload/currency-logo/hbar.svg,untracked,OPTIONAL,Audit/cert artifacts,git ls-files --others --exclude-standard,optional
.build/fx-phase1c-fe/public/assets/upload/currency-logo/ht.svg,untracked,OPTIONAL,Audit/cert artifacts,git ls-files --others --exclude-standard,optional
.build/fx-phase1c-fe/public/assets/upload/currency-logo/icp.svg,untracked,OPTIONAL,Audit/cert artifacts,git ls-files --others --exclude-standard,optional
.build/fx-phase1c-fe/public/assets/upload/currency-logo/imx.svg,untracked,OPTIONAL,Audit/cert artifacts,git ls-files --others --exclude-standard,optional
.build/fx-phase1c-fe/public/assets/upload/currency-logo/inj.svg,untracked,OPTIONAL,Audit/cert artifacts,git ls-files --others --exclude-standard,optional
.build/fx-phase1c-fe/public/assets/upload/currency-logo/iota.svg,untracked,OPTIONAL,Audit/cert artifacts,git ls-files --others --exclude-standard,optional
.build/fx-phase1c-fe/public/assets/upload/currency-logo/jto.svg,untracked,OPTIONAL,Audit/cert artifacts,git ls-files --others --exclude-standard,optional
.build/fx-phase1c-fe/public/assets/upload/currency-logo/jup.svg,untracked,OPTIONAL,Audit/cert artifacts,git ls-files --others --exclude-standard,optional
.build/fx-phase1c-fe/public/assets/upload/currency-logo/kcs.svg,untracked,OPTIONAL,Audit/cert artifacts,git ls-files --others --exclude-standard,optional
.build/fx-phase1c-fe/public/assets/upload/currency-logo/klay.svg,untracked,OPTIONAL,Audit/cert artifacts,git ls-files --others --exclude-standard,optional
.build/fx-phase1c-fe/public/assets/upload/currency-logo/ldo.svg,untracked,OPTIONAL,Audit/cert artifacts,git ls-files --others --exclude-standard,optional
.build/fx-phase1c-fe/public/assets/upload/currency-logo/link.svg,untracked,OPTIONAL,Audit/cert artifacts,git ls-files --others --exclude-standard,optional
.build/fx-phase1c-fe/public/assets/upload/currency-logo/lrc.svg,untracked,OPTIONAL,Audit/cert artifacts,git ls-files --others --exclude-standard,optional
.build/fx-phase1c-fe/public/assets/upload/currency-logo/ltc.svg,untracked,OPTIONAL,Audit/cert artifacts,git ls-files --others --exclude-standard,optional
.build/fx-phase1c-fe/public/assets/upload/currency-logo/mana.svg,untracked,OPTIONAL,Audit/cert artifacts,git ls-files --others --exclude-standard,optional
.build/fx-phase1c-fe/public/assets/upload/currency-logo/mask.svg,untracked,OPTIONAL,Audit/cert artifacts,git ls-files --others --exclude-standard,optional
.build/fx-phase1c-fe/public/assets/upload/currency-logo/matic.svg,untracked,OPTIONAL,Audit/cert artifacts,git ls-files --others --exclude-standard,optional
.build/fx-phase1c-fe/public/assets/upload/currency-logo/meme.svg,untracked,OPTIONAL,Audit/cert artifacts,git ls-files --others --exclude-standard,optional
.build/fx-phase1c-fe/public/assets/upload/currency-logo/mkr.svg,untracked,OPTIONAL,Audit/cert artifacts,git ls-files --others --exclude-standard,optional
.build/fx-phase1c-fe/public/assets/upload/currency-logo/near.svg,untracked,OPTIONAL,Audit/cert artifacts,git ls-files --others --exclude-standard,optional
.build/fx-phase1c-fe/public/assets/upload/currency-logo/neo.svg,untracked,OPTIONAL,Audit/cert artifacts,git ls-files --others --exclude-standard,optional
.build/fx-phase1c-fe/public/assets/upload/currency-logo/ocean.svg,untracked,OPTIONAL,Audit/cert artifacts,git ls-files --others --exclude-standard,optional
.build/fx-phase1c-fe/public/assets/upload/currency-logo/op.svg,untracked,OPTIONAL,Audit/cert artifacts,git ls-files --others --exclude-standard,optional
.build/fx-phase1c-fe/public/assets/upload/currency-logo/orca.svg,untracked,OPTIONAL,Audit/cert artifacts,git ls-files --others --exclude-standard,optional
.build/fx-phase1c-fe/public/assets/upload/currency-logo/osmo.svg,untracked,OPTIONAL,Audit/cert artifacts,git ls-files --others --exclude-standard,optional
.build/fx-phase1c-fe/public/assets/upload/currency-logo/pendle.svg,untracked,OPTIONAL,Audit/cert artifacts,git ls-files --others --exclude-standard,optional
.build/fx-phase1c-fe/public/assets/upload/currency-logo/pepe.svg,untracked,OPTIONAL,Audit/cert artifacts,git ls-files --others --exclude-standard,optional
.build/fx-phase1c-fe/public/assets/upload/currency-logo/pyth.svg,untracked,OPTIONAL,Audit/cert artifacts,git ls-files --others --exclude-standard,optional
.build/fx-phase1c-fe/public/assets/upload/currency-logo/ray.svg,untracked,OPTIONAL,Audit/cert artifacts,git ls-files --others --exclude-standard,optional
.build/fx-phase1c-fe/public/assets/upload/currency-logo/render.svg,untracked,OPTIONAL,Audit/cert artifacts,git ls-files --others --exclude-standard,optional
.build/fx-phase1c-fe/public/assets/upload/currency-logo/rndr.svg,untracked,OPTIONAL,Audit/cert artifacts,git ls-files --others --exclude-standard,optional
.build/fx-phase1c-fe/public/assets/upload/currency-logo/rose.svg,untracked,OPTIONAL,Audit/cert artifacts,git ls-files --others --exclude-standard,optional
.build/fx-phase1c-fe/public/assets/upload/currency-logo/rpl.svg,untracked,OPTIONAL,Audit/cert artifacts,git ls-files --others --exclude-standard,optional
.build/fx-phase1c-fe/public/assets/upload/currency-logo/rune.svg,untracked,OPTIONAL,Audit/cert artifacts,git ls-files --others --exclude-standard,optional
.build/fx-phase1c-fe/public/assets/upload/currency-logo/sand.svg,untracked,OPTIONAL,Audit/cert artifacts,git ls-files --others --exclude-standard,optional
.build/fx-phase1c-fe/public/assets/upload/currency-logo/sei.svg,untracked,OPTIONAL,Audit/cert artifacts,git ls-files --others --exclude-standard,optional
.build/fx-phase1c-fe/public/assets/upload/currency-logo/shib.svg,untracked,OPTIONAL,Audit/cert artifacts,git ls-files --others --exclude-standard,optional
.build/fx-phase1c-fe/public/assets/upload/currency-logo/snx.svg,untracked,OPTIONAL,Audit/cert artifacts,git ls-files --others --exclude-standard,optional
.build/fx-phase1c-fe/public/assets/upload/currency-logo/sol.svg,untracked,OPTIONAL,Audit/cert artifacts,git ls-files --others --exclude-standard,optional
.build/fx-phase1c-fe/public/assets/upload/currency-logo/ssv.svg,untracked,OPTIONAL,Audit/cert artifacts,git ls-files --others --exclude-standard,optional
.build/fx-phase1c-fe/public/assets/upload/currency-logo/stx.svg,untracked,OPTIONAL,Audit/cert artifacts,git ls-files --others --exclude-standard,optional
.build/fx-phase1c-fe/public/assets/upload/currency-logo/sui.svg,untracked,OPTIONAL,Audit/cert artifacts,git ls-files --others --exclude-standard,optional
.build/fx-phase1c-fe/public/assets/upload/currency-logo/sushi.svg,untracked,OPTIONAL,Audit/cert artifacts,git ls-files --others --exclude-standard,optional
.build/fx-phase1c-fe/public/assets/upload/currency-logo/temp.png,untracked,OPTIONAL,Audit/cert artifacts,git ls-files --others --exclude-standard,optional
.build/fx-phase1c-fe/public/assets/upload/currency-logo/theta.svg,untracked,OPTIONAL,Audit/cert artifacts,git ls-files --others --exclude-standard,optional
.build/fx-phase1c-fe/public/assets/upload/currency-logo/trx.svg,untracked,OPTIONAL,Audit/cert artifacts,git ls-files --others --exclude-standard,optional
.build/fx-phase1c-fe/public/assets/upload/currency-logo/tusd.svg,untracked,OPTIONAL,Audit/cert artifacts,git ls-files --others --exclude-standard,optional
.build/fx-phase1c-fe/public/assets/upload/currency-logo/uni.svg,untracked,OPTIONAL,Audit/cert artifacts,git ls-files --others --exclude-standard,optional
.build/fx-phase1c-fe/public/assets/upload/currency-logo/usdc.svg,untracked,OPTIONAL,Audit/cert artifacts,git ls-files --others --exclude-standard,optional
.build/fx-phase1c-fe/public/assets/upload/currency-logo/usdt.svg,untracked,OPTIONAL,Audit/cert artifacts,git ls-files --others --exclude-standard,optional
.build/fx-phase1c-fe/public/assets/upload/currency-logo/vet.svg,untracked,OPTIONAL,Audit/cert artifacts,git ls-files --others --exclude-standard,optional
.build/fx-phase1c-fe/public/assets/upload/currency-logo/wbtc.svg,untracked,OPTIONAL,Audit/cert artifacts,git ls-files --others --exclude-standard,optional
.build/fx-phase1c-fe/public/assets/upload/currency-logo/weth.svg,untracked,OPTIONAL,Audit/cert artifacts,git ls-files --others --exclude-standard,optional
.build/fx-phase1c-fe/public/assets/upload/currency-logo/wif.svg,untracked,OPTIONAL,Audit/cert artifacts,git ls-files --others --exclude-standard,optional
.build/fx-phase1c-fe/public/assets/upload/currency-logo/wld.svg,untracked,OPTIONAL,Audit/cert artifacts,git ls-files --others --exclude-standard,optional
.build/fx-phase1c-fe/public/assets/upload/currency-logo/woo.svg,untracked,OPTIONAL,Audit/cert artifacts,git ls-files --others --exclude-standard,optional
.build/fx-phase1c-fe/public/assets/upload/currency-logo/xlm.svg,untracked,OPTIONAL,Audit/cert artifacts,git ls-files --others --exclude-standard,optional
.build/fx-phase1c-fe/public/assets/upload/currency-logo/xmr.svg,untracked,OPTIONAL,Audit/cert artifacts,git ls-files --others --exclude-standard,optional
.build/fx-phase1c-fe/public/assets/upload/currency-logo/xrp.svg,untracked,OPTIONAL,Audit/cert artifacts,git ls-files --others --exclude-standard,optional
.build/fx-phase1c-fe/public/assets/upload/currency-logo/yfi.svg,untracked,OPTIONAL,Audit/cert artifacts,git ls-files --others --exclude-standard,optional
.build/fx-phase1c-fe/public/assets/upload/currency-logo/zec.svg,untracked,OPTIONAL,Audit/cert artifacts,git ls-files --others --exclude-standard,optional
.build/fx-phase1c-fe/public/assets/upload/currency-logo/zil.svg,untracked,OPTIONAL,Audit/cert artifacts,git ls-files --others --exclude-standard,optional
.build/fx-phase1c-fe/public/brand/_retired_eda/icon-gold.png,untracked,OPTIONAL,Audit/cert artifacts,git ls-files --others --exclude-standard,optional
.build/fx-phase1c-fe/public/brand/_retired_eda/logo-horizontal-compact-gold.png,untracked,OPTIONAL,Audit/cert artifacts,git ls-files --others --exclude-standard,optional
.build/fx-phase1c-fe/public/brand/_retired_eda/logo-horizontal-gold.png,untracked,OPTIONAL,Audit/cert artifacts,git ls-files --others --exclude-standard,optional
.build/fx-phase1c-fe/public/brand/_retired_eda/logo-horizontal-white.png,untracked,OPTIONAL,Audit/cert artifacts,git ls-files --others --exclude-standard,optional
.build/fx-phase1c-fe/public/brand/_retired_eda/logo-marketing.png,untracked,OPTIONAL,Audit/cert artifacts,git ls-files --others --exclude-standard,optional
.build/fx-phase1c-fe/public/brand/icon.png,untracked,OPTIONAL,Audit/cert artifacts,git ls-files --others --exclude-standard,optional
.build/fx-phase1c-fe/public/brand/logo-horizontal-compact.png,untracked,OPTIONAL,Audit/cert artifacts,git ls-files --others --exclude-standard,optional
.build/fx-phase1c-fe/public/brand/logo-horizontal-footer.png,untracked,OPTIONAL,Audit/cert artifacts,git ls-files --others --exclude-standard,optional
.build/fx-phase1c-fe/public/brand/logo-horizontal.png,untracked,OPTIONAL,Audit/cert artifacts,git ls-files --others --exclude-standard,optional
.build/fx-phase1c-fe/public/brand/logo-marketing.png,untracked,OPTIONAL,Audit/cert artifacts,git ls-files --others --exclude-standard,optional
.build/fx-phase1c-fe/public/brand/source-icon.jpg,untracked,OPTIONAL,Audit/cert artifacts,git ls-files --others --exclude-standard,optional
.build/fx-phase1c-fe/public/brand/source-logo-horizontal.jpg,untracked,OPTIONAL,Audit/cert artifacts,git ls-files --others --exclude-standard,optional
.build/fx-phase1c-fe/public/brand/source-logo-marketing.jpg,untracked,OPTIONAL,Audit/cert artifacts,git ls-files --others --exclude-standard,optional
.build/fx-phase1c-fe/public/favicon-16x16.png,untracked,OPTIONAL,Audit/cert artifacts,git ls-files --others --exclude-standard,optional
.build/fx-phase1c-fe/public/favicon-180x180.png,untracked,OPTIONAL,Audit/cert artifacts,git ls-files --others --exclude-standard,optional
.build/fx-phase1c-fe/public/favicon-192x192.png,untracked,OPTIONAL,Audit/cert artifacts,git ls-files --others --exclude-standard,optional
.build/fx-phase1c-fe/public/favicon-32x32.png,untracked,OPTIONAL,Audit/cert artifacts,git ls-files --others --exclude-standard,optional
.build/fx-phase1c-fe/public/favicon-512x512.png,untracked,OPTIONAL,Audit/cert artifacts,git ls-files --others --exclude-standard,optional
.build/fx-phase1c-fe/public/favicon.ico,untracked,OPTIONAL,Audit/cert artifacts,git ls-files --others --exclude-standard,optional
.build/fx-phase1c-fe/public/images/home-bg/cta-confidence-desktop.png,untracked,OPTIONAL,Audit/cert artifacts,git ls-files --others --exclude-standard,optional
.build/fx-phase1c-fe/public/images/home-bg/cta-confidence-mobile.png,untracked,OPTIONAL,Audit/cert artifacts,git ls-files --others --exclude-standard,optional
.build/fx-phase1c-fe/public/images/home-bg/cta-trust-desktop.png,untracked,OPTIONAL,Audit/cert artifacts,git ls-files --others --exclude-standard,optional
.build/fx-phase1c-fe/public/images/home-bg/cta-trust-mobile.png,untracked,OPTIONAL,Audit/cert artifacts,git ls-files --others --exclude-standard,optional
.build/fx-phase1c-fe/public/images/home-bg/hero-desktop.png,untracked,OPTIONAL,Audit/cert artifacts,git ls-files --others --exclude-standard,optional
.build/fx-phase1c-fe/public/images/home-bg/hero-mobile.png,untracked,OPTIONAL,Audit/cert artifacts,git ls-files --others --exclude-standard,optional
.build/fx-phase1c-fe/public/push-sw.js,untracked,OPTIONAL,Audit/cert artifacts,git ls-files --others --exclude-standard,optional
.build/fx-phase1c-fe/public/site.webmanifest,untracked,OPTIONAL,Audit/cert artifacts,git ls-files --others --exclude-standard,optional
.build/fx-phase1c-fe/scripts/verify-routes.mjs,untracked,OPTIONAL,Audit/cert artifacts,git ls-files --others --exclude-standard,optional
.build/fx-phase1c-fe/src/app/(auth)/cookies/page.tsx,untracked,OPTIONAL,Audit/cert artifacts,git ls-files --others --exclude-standard,optional
.build/fx-phase1c-fe/src/app/(auth)/forgot-password/page.tsx,untracked,OPTIONAL,Audit/cert artifacts,git ls-files --others --exclude-standard,optional
.build/fx-phase1c-fe/src/app/(auth)/layout.tsx,untracked,OPTIONAL,Audit/cert artifacts,git ls-files --others --exclude-standard,optional
.build/fx-phase1c-fe/src/app/(auth)/login/layout.tsx,untracked,OPTIONAL,Audit/cert artifacts,git ls-files --others --exclude-standard,optional
.build/fx-phase1c-fe/src/app/(auth)/login/page.tsx,untracked,OPTIONAL,Audit/cert artifacts,git ls-files --others --exclude-standard,optional
.build/fx-phase1c-fe/src/app/(auth)/privacy/page.tsx,untracked,OPTIONAL,Audit/cert artifacts,git ls-files --others --exclude-standard,optional
.build/fx-phase1c-fe/src/app/(auth)/register/page.tsx,untracked,OPTIONAL,Audit/cert artifacts,git ls-files --others --exclude-standard,optional
.build/fx-phase1c-fe/src/app/(auth)/signup/layout.tsx,untracked,OPTIONAL,Audit/cert artifacts,git ls-files --others --exclude-standard,optional
.build/fx-phase1c-fe/src/app/(auth)/signup/page.tsx,untracked,OPTIONAL,Audit/cert artifacts,git ls-files --others --exclude-standard,optional
.build/fx-phase1c-fe/src/app/(auth)/terms/page.tsx,untracked,OPTIONAL,Audit/cert artifacts,git ls-files --others --exclude-standard,optional
.build/fx-phase1c-fe/src/app/HomePageClient.tsx,untracked,OPTIONAL,Audit/cert artifacts,git ls-files --others --exclude-standard,optional
.build/fx-phase1c-fe/src/app/admin/layout.tsx,untracked,OPTIONAL,Audit/cert artifacts,git ls-files --others --exclude-standard,optional
.build/fx-phase1c-fe/src/app/admin/page.tsx,untracked,OPTIONAL,Audit/cert artifacts,git ls-files --others --exclude-standard,optional
.build/fx-phase1c-fe/src/app/api/page.tsx,untracked,OPTIONAL,Audit/cert artifacts,git ls-files --others --exclude-standard,optional
.build/fx-phase1c-fe/src/app/assets/page.tsx,untracked,OPTIONAL,Audit/cert artifacts,git ls-files --others --exclude-standard,optional
.build/fx-phase1c-fe/src/app/auth/callback/apple/page.tsx,untracked,OPTIONAL,Audit/cert artifacts,git ls-files --others --exclude-standard,optional
.build/fx-phase1c-fe/src/app/auth/callback/google/page.tsx,untracked,OPTIONAL,Audit/cert artifacts,git ls-files --others --exclude-standard,optional
.build/fx-phase1c-fe/src/app/dashboard/account/link/google/page.tsx,untracked,OPTIONAL,Audit/cert artifacts,git ls-files --others --exclude-standard,optional
.build/fx-phase1c-fe/src/app/dashboard/account/login-history/page.tsx,untracked,OPTIONAL,Audit/cert artifacts,git ls-files --others --exclude-standard,optional
.build/fx-phase1c-fe/src/app/dashboard/account/page.tsx,untracked,OPTIONAL,Audit/cert artifacts,git ls-files --others --exclude-standard,optional
.build/fx-phase1c-fe/src/app/dashboard/address-book/add-batches/page.tsx,untracked,OPTIONAL,Audit/cert artifacts,git ls-files --others --exclude-standard,optional
.build/fx-phase1c-fe/src/app/dashboard/address-book/page.tsx,untracked,OPTIONAL,Audit/cert artifacts,git ls-files --others --exclude-standard,optional
.build/fx-phase1c-fe/src/app/dashboard/announcements/[id]/page.tsx,untracked,OPTIONAL,Audit/cert artifacts,git ls-files --others --exclude-standard,optional
.build/fx-phase1c-fe/src/app/dashboard/announcements/page.tsx,untracked,OPTIONAL,Audit/cert artifacts,git ls-files --others --exclude-standard,optional
.build/fx-phase1c-fe/src/app/dashboard/api/create/page.tsx,untracked,OPTIONAL,Audit/cert artifacts,git ls-files --others --exclude-standard,optional
.build/fx-phase1c-fe/src/app/dashboard/api/layout.tsx,untracked,OPTIONAL,Audit/cert artifacts,git ls-files --others --exclude-standard,optional
.build/fx-phase1c-fe/src/app/dashboard/api/page.tsx,untracked,OPTIONAL,Audit/cert artifacts,git ls-files --others --exclude-standard,optional
.build/fx-phase1c-fe/src/app/dashboard/assets/[symbol]/page.tsx,untracked,OPTIONAL,Audit/cert artifacts,git ls-files --others --exclude-standard,optional
.build/fx-phase1c-fe/src/app/dashboard/assets/convert/page.tsx,untracked,OPTIONAL,Audit/cert artifacts,git ls-files --others --exclude-standard,optional
.build/fx-phase1c-fe/src/app/dashboard/assets/funding/page.tsx,untracked,OPTIONAL,Audit/cert artifacts,git ls-files --others --exclude-standard,optional
.build/fx-phase1c-fe/src/app/dashboard/assets/history/page.tsx,untracked,OPTIONAL,Audit/cert artifacts,git ls-files --others --exclude-standard,optional
.build/fx-phase1c-fe/src/app/dashboard/assets/overview/page.tsx,untracked,OPTIONAL,Audit/cert artifacts,git ls-files --others --exclude-standard,optional
.build/fx-phase1c-fe/src/app/dashboard/assets/page.tsx,untracked,OPTIONAL,Audit/cert artifacts,git ls-files --others --exclude-standard,optional
.build/fx-phase1c-fe/src/app/dashboard/assets/pnl/page.tsx,untracked,OPTIONAL,Audit/cert artifacts,git ls-files --others --exclude-standard,optional
.build/fx-phase1c-fe/src/app/dashboard/assets/unified/page.tsx,untracked,OPTIONAL,Audit/cert artifacts,git ls-files --others --exclude-standard,optional
.build/fx-phase1c-fe/src/app/dashboard/convert/page.tsx,untracked,OPTIONAL,Audit/cert artifacts,git ls-files --others --exclude-standard,optional
.build/fx-phase1c-fe/src/app/dashboard/data-export/page.tsx,untracked,OPTIONAL,Audit/cert artifacts,git ls-files --others --exclude-standard,optional
.build/fx-phase1c-fe/src/app/dashboard/deposit/crypto/page.tsx,untracked,OPTIONAL,Audit/cert artifacts,git ls-files --others --exclude-standard,optional
.build/fx-phase1c-fe/src/app/dashboard/earn/page.tsx,untracked,OPTIONAL,Audit/cert artifacts,git ls-files --others --exclude-standard,optional
.build/fx-phase1c-fe/src/app/dashboard/error.tsx,untracked,OPTIONAL,Audit/cert artifacts,git ls-files --others --exclude-standard,optional
.build/fx-phase1c-fe/src/app/dashboard/events/page.tsx,untracked,OPTIONAL,Audit/cert artifacts,git ls-files --others --exclude-standard,optional
.build/fx-phase1c-fe/src/app/dashboard/fee-rates/page.tsx,untracked,OPTIONAL,Audit/cert artifacts,git ls-files --others --exclude-standard,optional
.build/fx-phase1c-fe/src/app/dashboard/help/page.tsx,untracked,OPTIONAL,Audit/cert artifacts,git ls-files --others --exclude-standard,optional
.build/fx-phase1c-fe/src/app/dashboard/identity/page.tsx,untracked,OPTIONAL,Audit/cert artifacts,git ls-files --others --exclude-standard,optional
.build/fx-phase1c-fe/src/app/dashboard/identity/success/page.tsx,untracked,OPTIONAL,Audit/cert artifacts,git ls-files --others --exclude-standard,optional
.build/fx-phase1c-fe/src/app/dashboard/identity/upload/page.tsx,untracked,OPTIONAL,Audit/cert artifacts,git ls-files --others --exclude-standard,optional
.build/fx-phase1c-fe/src/app/dashboard/layout.tsx,untracked,OPTIONAL,Audit/cert artifacts,git ls-files --others --exclude-standard,optional
.build/fx-phase1c-fe/src/app/dashboard/loading.tsx,untracked,OPTIONAL,Audit/cert artifacts,git ls-files --others --exclude-standard,optional
.build/fx-phase1c-fe/src/app/dashboard/markets/page.tsx,untracked,OPTIONAL,Audit/cert artifacts,git ls-files --others --exclude-standard,optional
.build/fx-phase1c-fe/src/app/dashboard/orders/p2p/page.tsx,untracked,OPTIONAL,Audit/cert artifacts,git ls-files --others --exclude-standard,optional
.build/fx-phase1c-fe/src/app/dashboard/orders/page.tsx,untracked,OPTIONAL,Audit/cert artifacts,git ls-files --others --exclude-standard,optional
.build/fx-phase1c-fe/src/app/dashboard/orders/spot/page.tsx,untracked,OPTIONAL,Audit/cert artifacts,git ls-files --others --exclude-standard,optional
.build/fx-phase1c-fe/src/app/dashboard/orders/trades/page.tsx,untracked,OPTIONAL,Audit/cert artifacts,git ls-files --others --exclude-standard,optional
.build/fx-phase1c-fe/src/app/dashboard/p2p/[type]/[crypto]/[fiat]/create/page.tsx,untracked,OPTIONAL,Audit/cert artifacts,git ls-files --others --exclude-standard,optional
.build/fx-phase1c-fe/src/app/dashboard/p2p/[type]/[crypto]/[fiat]/page.tsx,untracked,OPTIONAL,Audit/cert artifacts,git ls-files --others --exclude-standard,optional
.build/fx-phase1c-fe/src/app/dashboard/p2p/orders/[orderId]/page.tsx,untracked,OPTIONAL,Audit/cert artifacts,git ls-files --others --exclude-standard,optional
.build/fx-phase1c-fe/src/app/dashboard/p2p/page.tsx,untracked,OPTIONAL,Audit/cert artifacts,git ls-files --others --exclude-standard,optional
.build/fx-phase1c-fe/src/app/dashboard/p2p/payment-methods/page.tsx,untracked,OPTIONAL,Audit/cert artifacts,git ls-files --others --exclude-standard,optional
.build/fx-phase1c-fe/src/app/dashboard/page.tsx,untracked,OPTIONAL,Audit/cert artifacts,git ls-files --others --exclude-standard,optional
.build/fx-phase1c-fe/src/app/dashboard/preferences/page.tsx,untracked,OPTIONAL,Audit/cert artifacts,git ls-files --others --exclude-standard,optional
.build/fx-phase1c-fe/src/app/dashboard/progress/page.tsx,untracked,OPTIONAL,Audit/cert artifacts,git ls-files --others --exclude-standard,optional
.build/fx-phase1c-fe/src/app/dashboard/referral/my-referrals/page.tsx,untracked,OPTIONAL,Audit/cert artifacts,git ls-files --others --exclude-standard,optional
.build/fx-phase1c-fe/src/app/dashboard/referral/page.tsx,untracked,OPTIONAL,Audit/cert artifacts,git ls-files --others --exclude-standard,optional
.build/fx-phase1c-fe/src/app/dashboard/security/2fa/page.tsx,untracked,OPTIONAL,Audit/cert artifacts,git ls-files --others --exclude-standard,optional
.build/fx-phase1c-fe/src/app/dashboard/security/anti-phishing/page.tsx,untracked,OPTIONAL,Audit/cert artifacts,git ls-files --others --exclude-standard,optional
.build/fx-phase1c-fe/src/app/dashboard/security/change-password/page.tsx,untracked,OPTIONAL,Audit/cert artifacts,git ls-files --others --exclude-standard,optional
.build/fx-phase1c-fe/src/app/dashboard/security/fund-password/page.tsx,untracked,OPTIONAL,Audit/cert artifacts,git ls-files --others --exclude-standard,optional
.build/fx-phase1c-fe/src/app/dashboard/security/page.tsx,untracked,OPTIONAL,Audit/cert artifacts,git ls-files --others --exclude-standard,optional
.build/fx-phase1c-fe/src/app/dashboard/security/passkeys/page.tsx,untracked,OPTIONAL,Audit/cert artifacts,git ls-files --others --exclude-standard,optional
.build/fx-phase1c-fe/src/app/dashboard/security/sessions/page.tsx,untracked,OPTIONAL,Audit/cert artifacts,git ls-files --others --exclude-standard,optional
.build/fx-phase1c-fe/src/app/dashboard/security/withdrawal-limits/page.tsx,untracked,OPTIONAL,Audit/cert artifacts,git ls-files --others --exclude-standard,optional
.build/fx-phase1c-fe/src/app/dashboard/spot/page.tsx,untracked,OPTIONAL,Audit/cert artifacts,git ls-files --others --exclude-standard,optional
.build/fx-phase1c-fe/src/app/dashboard/support/page.tsx,untracked,OPTIONAL,Audit/cert artifacts,git ls-files --others --exclude-standard,optional
.build/fx-phase1c-fe/src/app/dashboard/trade/page.tsx,untracked,OPTIONAL,Audit/cert artifacts,git ls-files --others --exclude-standard,optional
.build/fx-phase1c-fe/src/app/dashboard/trade/spot/page.tsx,untracked,OPTIONAL,Audit/cert artifacts,git ls-files --others --exclude-standard,optional
.build/fx-phase1c-fe/src/app/dashboard/transfer/page.tsx,untracked,OPTIONAL,Audit/cert artifacts,git ls-files --others --exclude-standard,optional
.build/fx-phase1c-fe/src/app/dashboard/wallet/[symbol]/page.tsx,untracked,OPTIONAL,Audit/cert artifacts,git ls-files --others --exclude-standard,optional
.build/fx-phase1c-fe/src/app/dashboard/wallet/spot/page.tsx,untracked,OPTIONAL,Audit/cert artifacts,git ls-files --others --exclude-standard,optional
.build/fx-phase1c-fe/src/app/dashboard/withdraw/crypto/page.tsx,untracked,OPTIONAL,Audit/cert artifacts,git ls-files --others --exclude-standard,optional
.build/fx-phase1c-fe/src/app/dashboard/withdraw/fiat/page.tsx,untracked,OPTIONAL,Audit/cert artifacts,git ls-files --others --exclude-standard,optional
.build/fx-phase1c-fe/src/app/dashboard/withdraw/page.tsx,untracked,OPTIONAL,Audit/cert artifacts,git ls-files --others --exclude-standard,optional
.build/fx-phase1c-fe/src/app/earn/EarnPublicShell.tsx,untracked,OPTIONAL,Audit/cert artifacts,git ls-files --others --exclude-standard,optional
.build/fx-phase1c-fe/src/app/earn/layout.tsx,untracked,OPTIONAL,Audit/cert artifacts,git ls-files --others --exclude-standard,optional
.build/fx-phase1c-fe/src/app/earn/loading.tsx,untracked,OPTIONAL,Audit/cert artifacts,git ls-files --others --exclude-standard,optional
.build/fx-phase1c-fe/src/app/earn/page.tsx,untracked,OPTIONAL,Audit/cert artifacts,git ls-files --others --exclude-standard,optional
.build/fx-phase1c-fe/src/app/error.tsx,untracked,OPTIONAL,Audit/cert artifacts,git ls-files --others --exclude-standard,optional
.build/fx-phase1c-fe/src/app/forex/account/funds/page.tsx,untracked,OPTIONAL,Audit/cert artifacts,git ls-files --others --exclude-standard,optional
.build/fx-phase1c-fe/src/app/forex/account/ledger/page.tsx,untracked,OPTIONAL,Audit/cert artifacts,git ls-files --others --exclude-standard,optional
.build/fx-phase1c-fe/src/app/forex/account/page.tsx,untracked,OPTIONAL,Audit/cert artifacts,git ls-files --others --exclude-standard,optional
.build/fx-phase1c-fe/src/app/forex/alerts/page.tsx,untracked,OPTIONAL,Audit/cert artifacts,git ls-files --others --exclude-standard,optional
.build/fx-phase1c-fe/src/app/forex/analysis/page.tsx,untracked,OPTIONAL,Audit/cert artifacts,git ls-files --others --exclude-standard,optional
.build/fx-phase1c-fe/src/app/forex/layout.tsx,untracked,OPTIONAL,Audit/cert artifacts,git ls-files --others --exclude-standard,optional
.build/fx-phase1c-fe/src/app/forex/markets/page.tsx,untracked,OPTIONAL,Audit/cert artifacts,git ls-files --others --exclude-standard,optional
.build/fx-phase1c-fe/src/app/forex/orders/page.tsx,untracked,OPTIONAL,Audit/cert artifacts,git ls-files --others --exclude-standard,optional
.build/fx-phase1c-fe/src/app/forex/page.tsx,untracked,OPTIONAL,Audit/cert artifacts,git ls-files --others --exclude-standard,optional
.build/fx-phase1c-fe/src/app/forex/portfolio/page.tsx,untracked,OPTIONAL,Audit/cert artifacts,git ls-files --others --exclude-standard,optional
.build/fx-phase1c-fe/src/app/forex/trade/page.tsx,untracked,OPTIONAL,Audit/cert artifacts,git ls-files --others --exclude-standard,optional
.build/fx-phase1c-fe/src/app/globals.css,untracked,OPTIONAL,Audit/cert artifacts,git ls-files --others --exclude-standard,optional
.build/fx-phase1c-fe/src/app/history/page.tsx,untracked,OPTIONAL,Audit/cert artifacts,git ls-files --others --exclude-standard,optional
.build/fx-phase1c-fe/src/app/layout.tsx,untracked,OPTIONAL,Audit/cert artifacts,git ls-files --others --exclude-standard,optional
.build/fx-phase1c-fe/src/app/markets/MarketsPublicShell.tsx,untracked,OPTIONAL,Audit/cert artifacts,git ls-files --others --exclude-standard,optional
.build/fx-phase1c-fe/src/app/markets/layout.tsx,untracked,OPTIONAL,Audit/cert artifacts,git ls-files --others --exclude-standard,optional
.build/fx-phase1c-fe/src/app/markets/loading.tsx,untracked,OPTIONAL,Audit/cert artifacts,git ls-files --others --exclude-standard,optional
.build/fx-phase1c-fe/src/app/markets/page.tsx,untracked,OPTIONAL,Audit/cert artifacts,git ls-files --others --exclude-standard,optional
.build/fx-phase1c-fe/src/app/not-found.tsx,untracked,OPTIONAL,Audit/cert artifacts,git ls-files --others --exclude-standard,optional
.build/fx-phase1c-fe/src/app/orders/history/page.tsx,untracked,OPTIONAL,Audit/cert artifacts,git ls-files --others --exclude-standard,optional
.build/fx-phase1c-fe/src/app/orders/layout.tsx,untracked,OPTIONAL,Audit/cert artifacts,git ls-files --others --exclude-standard,optional
.build/fx-phase1c-fe/src/app/orders/loading.tsx,untracked,OPTIONAL,Audit/cert artifacts,git ls-files --others --exclude-standard,optional
.build/fx-phase1c-fe/src/app/orders/p2p/page.tsx,untracked,OPTIONAL,Audit/cert artifacts,git ls-files --others --exclude-standard,optional
.build/fx-phase1c-fe/src/app/orders/page.tsx,untracked,OPTIONAL,Audit/cert artifacts,git ls-files --others --exclude-standard,optional
.build/fx-phase1c-fe/src/app/orders/spot/page.tsx,untracked,OPTIONAL,Audit/cert artifacts,git ls-files --others --exclude-standard,optional
.build/fx-phase1c-fe/src/app/orders/trades/page.tsx,untracked,OPTIONAL,Audit/cert artifacts,git ls-files --others --exclude-standard,optional
.build/fx-phase1c-fe/src/app/p2p-v2/create-ad/page.tsx,untracked,OPTIONAL,Audit/cert artifacts,git ls-files --others --exclude-standard,optional
.build/fx-phase1c-fe/src/app/p2p-v2/disputes/[id]/page.tsx,untracked,OPTIONAL,Audit/cert artifacts,git ls-files --others --exclude-standard,optional
.build/fx-phase1c-fe/src/app/p2p-v2/layout.tsx,untracked,OPTIONAL,Audit/cert artifacts,git ls-files --others --exclude-standard,optional
.build/fx-phase1c-fe/src/app/p2p-v2/loading.tsx,untracked,OPTIONAL,Audit/cert artifacts,git ls-files --others --exclude-standard,optional
.build/fx-phase1c-fe/src/app/p2p-v2/merchant-dashboard/page.tsx,untracked,OPTIONAL,Audit/cert artifacts,git ls-files --others --exclude-standard,optional
.build/fx-phase1c-fe/src/app/p2p-v2/merchant/[id]/page.tsx,untracked,OPTIONAL,Audit/cert artifacts,git ls-files --others --exclude-standard,optional
.build/fx-phase1c-fe/src/app/p2p-v2/my-ads/page.tsx,untracked,OPTIONAL,Audit/cert artifacts,git ls-files --others --exclude-standard,optional
.build/fx-phase1c-fe/src/app/p2p-v2/orders/[id]/page.tsx,untracked,OPTIONAL,Audit/cert artifacts,git ls-files --others --exclude-standard,optional
.build/fx-phase1c-fe/src/app/p2p-v2/orders/page.tsx,untracked,OPTIONAL,Audit/cert artifacts,git ls-files --others --exclude-standard,optional
.build/fx-phase1c-fe/src/app/p2p-v2/page.tsx,untracked,OPTIONAL,Audit/cert artifacts,git ls-files --others --exclude-standard,optional
.build/fx-phase1c-fe/src/app/p2p-v2/payment-methods/page.tsx,untracked,OPTIONAL,Audit/cert artifacts,git ls-files --others --exclude-standard,optional
.build/fx-phase1c-fe/src/app/p2p/P2PShellLayoutClient.tsx,untracked,OPTIONAL,Audit/cert artifacts,git ls-files --others --exclude-standard,optional
.build/fx-phase1c-fe/src/app/p2p/[type]/[crypto]/[fiat]/page.tsx,untracked,OPTIONAL,Audit/cert artifacts,git ls-files --others --exclude-standard,optional
.build/fx-phase1c-fe/src/app/p2p/create-ad/page.tsx,untracked,OPTIONAL,Audit/cert artifacts,git ls-files --others --exclude-standard,optional
.build/fx-phase1c-fe/src/app/p2p/disputes/[id]/page.tsx,untracked,OPTIONAL,Audit/cert artifacts,git ls-files --others --exclude-standard,optional
.build/fx-phase1c-fe/src/app/p2p/error.tsx,untracked,OPTIONAL,Audit/cert artifacts,git ls-files --others --exclude-standard,optional
.build/fx-phase1c-fe/src/app/p2p/layout.tsx,untracked,OPTIONAL,Audit/cert artifacts,git ls-files --others --exclude-standard,optional
.build/fx-phase1c-fe/src/app/p2p/loading.tsx,untracked,OPTIONAL,Audit/cert artifacts,git ls-files --others --exclude-standard,optional
.build/fx-phase1c-fe/src/app/p2p/merchant-dashboard/page.tsx,untracked,OPTIONAL,Audit/cert artifacts,git ls-files --others --exclude-standard,optional
.build/fx-phase1c-fe/src/app/p2p/merchant/[id]/page.tsx,untracked,OPTIONAL,Audit/cert artifacts,git ls-files --others --exclude-standard,optional
.build/fx-phase1c-fe/src/app/p2p/my-ads/page.tsx,untracked,OPTIONAL,Audit/cert artifacts,git ls-files --others --exclude-standard,optional
.build/fx-phase1c-fe/src/app/p2p/orders/[orderId]/page.tsx,untracked,OPTIONAL,Audit/cert artifacts,git ls-files --others --exclude-standard,optional
.build/fx-phase1c-fe/src/app/p2p/orders/page.tsx,untracked,OPTIONAL,Audit/cert artifacts,git ls-files --others --exclude-standard,optional
.build/fx-phase1c-fe/src/app/p2p/page.tsx,untracked,OPTIONAL,Audit/cert artifacts,git ls-files --others --exclude-standard,optional
.build/fx-phase1c-fe/src/app/p2p/payment-methods/page.tsx,untracked,OPTIONAL,Audit/cert artifacts,git ls-files --others --exclude-standard,optional
.build/fx-phase1c-fe/src/app/p2p/profile/[userId]/page.tsx,untracked,OPTIONAL,Audit/cert artifacts,git ls-files --others --exclude-standard,optional
.build/fx-phase1c-fe/src/app/page.tsx,untracked,OPTIONAL,Audit/cert artifacts,git ls-files --others --exclude-standard,optional
.build/fx-phase1c-fe/src/app/reset-password/page.tsx,untracked,OPTIONAL,Audit/cert artifacts,git ls-files --others --exclude-standard,optional
.build/fx-phase1c-fe/src/app/spot/page.tsx,untracked,OPTIONAL,Audit/cert artifacts,git ls-files --others --exclude-standard,optional
.build/fx-phase1c-fe/src/app/trade/TradeShellLayoutClient.tsx,untracked,OPTIONAL,Audit/cert artifacts,git ls-files --others --exclude-standard,optional
.build/fx-phase1c-fe/src/app/trade/error.tsx,untracked,OPTIONAL,Audit/cert artifacts,git ls-files --others --exclude-standard,optional
.build/fx-phase1c-fe/src/app/trade/layout.tsx,untracked,OPTIONAL,Audit/cert artifacts,git ls-files --others --exclude-standard,optional
.build/fx-phase1c-fe/src/app/trade/loading.tsx,untracked,OPTIONAL,Audit/cert artifacts,git ls-files --others --exclude-standard,optional
.build/fx-phase1c-fe/src/app/trade/page.tsx,untracked,OPTIONAL,Audit/cert artifacts,git ls-files --others --exclude-standard,optional
.build/fx-phase1c-fe/src/app/trade/spot/page.tsx,untracked,OPTIONAL,Audit/cert artifacts,git ls-files --others --exclude-standard,optional
.build/fx-phase1c-fe/src/app/wallet/[symbol]/page.tsx,untracked,OPTIONAL,Audit/cert artifacts,git ls-files --others --exclude-standard,optional
.build/fx-phase1c-fe/src/app/wallet/convert/layout.tsx,untracked,OPTIONAL,Audit/cert artifacts,git ls-files --others --exclude-standard,optional
.build/fx-phase1c-fe/src/app/wallet/convert/page.tsx,untracked,OPTIONAL,Audit/cert artifacts,git ls-files --others --exclude-standard,optional
.build/fx-phase1c-fe/src/app/wallet/deposit/crypto/page.tsx,untracked,OPTIONAL,Audit/cert artifacts,git ls-files --others --exclude-standard,optional
.build/fx-phase1c-fe/src/app/wallet/deposit/page.tsx,untracked,OPTIONAL,Audit/cert artifacts,git ls-files --others --exclude-standard,optional
.build/fx-phase1c-fe/src/app/wallet/error.tsx,untracked,OPTIONAL,Audit/cert artifacts,git ls-files --others --exclude-standard,optional
.build/fx-phase1c-fe/src/app/wallet/funding/page.tsx,untracked,OPTIONAL,Audit/cert artifacts,git ls-files --others --exclude-standard,optional
.build/fx-phase1c-fe/src/app/wallet/history/page.tsx,untracked,OPTIONAL,Audit/cert artifacts,git ls-files --others --exclude-standard,optional
.build/fx-phase1c-fe/src/app/wallet/layout.tsx,untracked,OPTIONAL,Audit/cert artifacts,git ls-files --others --exclude-standard,optional
.build/fx-phase1c-fe/src/app/wallet/loading.tsx,untracked,OPTIONAL,Audit/cert artifacts,git ls-files --others --exclude-standard,optional
.build/fx-phase1c-fe/src/app/wallet/page.tsx,untracked,OPTIONAL,Audit/cert artifacts,git ls-files --others --exclude-standard,optional
.build/fx-phase1c-fe/src/app/wallet/pnl/page.tsx,untracked,OPTIONAL,Audit/cert artifacts,git ls-files --others --exclude-standard,optional
.build/fx-phase1c-fe/src/app/wallet/transfer/page.tsx,untracked,OPTIONAL,Audit/cert artifacts,git ls-files --others --exclude-standard,optional
.build/fx-phase1c-fe/src/app/wallet/unified/page.tsx,untracked,OPTIONAL,Audit/cert artifacts,git ls-files --others --exclude-standard,optional
.build/fx-phase1c-fe/src/app/wallet/withdraw/crypto/page.tsx,untracked,OPTIONAL,Audit/cert artifacts,git ls-files --others --exclude-standard,optional
.build/fx-phase1c-fe/src/app/wallet/withdraw/fiat/page.tsx,untracked,OPTIONAL,Audit/cert artifacts,git ls-files --others --exclude-standard,optional
.build/fx-phase1c-fe/src/app/wallet/withdraw/page.tsx,untracked,OPTIONAL,Audit/cert artifacts,git ls-files --others --exclude-standard,optional
.build/fx-phase1c-fe/src/components/DockerUserAppHint.tsx,untracked,OPTIONAL,Audit/cert artifacts,git ls-files --others --exclude-standard,optional
.build/fx-phase1c-fe/src/components/GuestOnly.tsx,untracked,OPTIONAL,Audit/cert artifacts,git ls-files --others --exclude-standard,optional
.build/fx-phase1c-fe/src/components/PageSkeleton.tsx,untracked,OPTIONAL,Audit/cert artifacts,git ls-files --others --exclude-standard,optional
.build/fx-phase1c-fe/src/components/RequireAuth.tsx,untracked,OPTIONAL,Audit/cert artifacts,git ls-files --others --exclude-standard,optional
.build/fx-phase1c-fe/src/components/SessionManager.tsx,untracked,OPTIONAL,Audit/cert artifacts,git ls-files --others --exclude-standard,optional
.build/fx-phase1c-fe/src/components/ThemeProvider.tsx,untracked,OPTIONAL,Audit/cert artifacts,git ls-files --others --exclude-standard,optional
.build/fx-phase1c-fe/src/components/ThemeToggle.tsx,untracked,OPTIONAL,Audit/cert artifacts,git ls-files --others --exclude-standard,optional
.build/fx-phase1c-fe/src/components/TransferModal.tsx,untracked,OPTIONAL,Audit/cert artifacts,git ls-files --others --exclude-standard,optional
.build/fx-phase1c-fe/src/components/api/APIDocLinks.tsx,untracked,OPTIONAL,Audit/cert artifacts,git ls-files --others --exclude-standard,optional
.build/fx-phase1c-fe/src/components/api/APIPermissionSummary.tsx,untracked,OPTIONAL,Audit/cert artifacts,git ls-files --others --exclude-standard,optional
.build/fx-phase1c-fe/src/components/api/APISecurityIndicators.tsx,untracked,OPTIONAL,Audit/cert artifacts,git ls-files --others --exclude-standard,optional
.build/fx-phase1c-fe/src/components/api/APIUsageStats.tsx,untracked,OPTIONAL,Audit/cert artifacts,git ls-files --others --exclude-standard,optional
.build/fx-phase1c-fe/src/components/assets/AssetPerformanceTable.tsx,untracked,OPTIONAL,Audit/cert artifacts,git ls-files --others --exclude-standard,optional
.build/fx-phase1c-fe/src/components/assets/PortfolioAllocationChart.tsx,untracked,OPTIONAL,Audit/cert artifacts,git ls-files --others --exclude-standard,optional
.build/fx-phase1c-fe/src/components/assets/PortfolioChangeCard.tsx,untracked,OPTIONAL,Audit/cert artifacts,git ls-files --others --exclude-standard,optional
.build/fx-phase1c-fe/src/components/auth/AuthSplitLayout.tsx,untracked,OPTIONAL,Audit/cert artifacts,git ls-files --others --exclude-standard,optional
.build/fx-phase1c-fe/src/components/auth/AuthStatsPanel.tsx,untracked,OPTIONAL,Audit/cert artifacts,git ls-files --others --exclude-standard,optional
.build/fx-phase1c-fe/src/components/auth/LanguageSelector.tsx,untracked,OPTIONAL,Audit/cert artifacts,git ls-files --others --exclude-standard,optional
.build/fx-phase1c-fe/src/components/auth/TelegramLoginButton.tsx,untracked,OPTIONAL,Audit/cert artifacts,git ls-files --others --exclude-standard,optional
.build/fx-phase1c-fe/src/components/brand/BrandLoading.tsx,untracked,OPTIONAL,Audit/cert artifacts,git ls-files --others --exclude-standard,optional
.build/fx-phase1c-fe/src/components/brand/BrandLogo.tsx,untracked,OPTIONAL,Audit/cert artifacts,git ls-files --others --exclude-standard,optional
.build/fx-phase1c-fe/src/components/dashboard/DashboardPageShell.tsx,untracked,OPTIONAL,Audit/cert artifacts,git ls-files --others --exclude-standard,optional
.build/fx-phase1c-fe/src/components/dashboard/MiniSparkline.tsx,untracked,OPTIONAL,Audit/cert artifacts,git ls-files --others --exclude-standard,optional
.build/fx-phase1c-fe/src/components/eda/EdaCustomerHome.tsx,untracked,OPTIONAL,Audit/cert artifacts,git ls-files --others --exclude-standard,optional
.build/fx-phase1c-fe/src/components/eda/EdaHomeGate.tsx,untracked,OPTIONAL,Audit/cert artifacts,git ls-files --others --exclude-standard,optional
.build/fx-phase1c-fe/src/components/eda/EdaMoney.tsx,untracked,OPTIONAL,Audit/cert artifacts,git ls-files --others --exclude-standard,optional
.build/fx-phase1c-fe/src/components/eda/EdaProductSwitcher.tsx,untracked,OPTIONAL,Audit/cert artifacts,git ls-files --others --exclude-standard,optional
.build/fx-phase1c-fe/src/components/eda/EdaPublicFooter.tsx,untracked,OPTIONAL,Audit/cert artifacts,git ls-files --others --exclude-standard,optional
.build/fx-phase1c-fe/src/components/eda/EdaPublicHome.tsx,untracked,OPTIONAL,Audit/cert artifacts,git ls-files --others --exclude-standard,optional
.build/fx-phase1c-fe/src/components/forex/ForexAccountBar.tsx,untracked,OPTIONAL,Audit/cert artifacts,git ls-files --others --exclude-standard,optional
.build/fx-phase1c-fe/src/components/forex/ForexAccountNav.tsx,untracked,OPTIONAL,Audit/cert artifacts,git ls-files --others --exclude-standard,optional
.build/fx-phase1c-fe/src/components/forex/ForexAppToolbar.tsx,untracked,OPTIONAL,Audit/cert artifacts,git ls-files --others --exclude-standard,optional
.build/fx-phase1c-fe/src/components/forex/ForexBottomPanels.tsx,untracked,OPTIONAL,Audit/cert artifacts,git ls-files --others --exclude-standard,optional
.build/fx-phase1c-fe/src/components/forex/ForexChartFoundation.tsx,untracked,OPTIONAL,Audit/cert artifacts,git ls-files --others --exclude-standard,optional
.build/fx-phase1c-fe/src/components/forex/ForexChartToolbar.tsx,untracked,OPTIONAL,Audit/cert artifacts,git ls-files --others --exclude-standard,optional
.build/fx-phase1c-fe/src/components/forex/ForexChartWorkspace.tsx,untracked,OPTIONAL,Audit/cert artifacts,git ls-files --others --exclude-standard,optional
.build/fx-phase1c-fe/src/components/forex/ForexConnectionStatus.tsx,untracked,OPTIONAL,Audit/cert artifacts,git ls-files --others --exclude-standard,optional
.build/fx-phase1c-fe/src/components/forex/ForexDeepLinkSync.tsx,untracked,OPTIONAL,Audit/cert artifacts,git ls-files --others --exclude-standard,optional
.build/fx-phase1c-fe/src/components/forex/ForexIntelDrawer.tsx,untracked,OPTIONAL,Audit/cert artifacts,git ls-files --others --exclude-standard,optional
.build/fx-phase1c-fe/src/components/forex/ForexLightweightChart.tsx,untracked,OPTIONAL,Audit/cert artifacts,git ls-files --others --exclude-standard,optional
.build/fx-phase1c-fe/src/components/forex/ForexMarketStrip.tsx,untracked,OPTIONAL,Audit/cert artifacts,git ls-files --others --exclude-standard,optional
.build/fx-phase1c-fe/src/components/forex/ForexMetric.tsx,untracked,OPTIONAL,Audit/cert artifacts,git ls-files --others --exclude-standard,optional
.build/fx-phase1c-fe/src/components/forex/ForexMobileNav.tsx,untracked,OPTIONAL,Audit/cert artifacts,git ls-files --others --exclude-standard,optional
.build/fx-phase1c-fe/src/components/forex/ForexOrderTicket.tsx,untracked,OPTIONAL,Audit/cert artifacts,git ls-files --others --exclude-standard,optional
.build/fx-phase1c-fe/src/components/forex/ForexPageFrame.tsx,untracked,OPTIONAL,Audit/cert artifacts,git ls-files --others --exclude-standard,optional
.build/fx-phase1c-fe/src/components/forex/ForexPanelSplit.tsx,untracked,OPTIONAL,Audit/cert artifacts,git ls-files --others --exclude-standard,optional
.build/fx-phase1c-fe/src/components/forex/ForexPositionPanel.tsx,untracked,OPTIONAL,Audit/cert artifacts,git ls-files --others --exclude-standard,optional
.build/fx-phase1c-fe/src/components/forex/ForexProductSwitcher.tsx,untracked,OPTIONAL,Audit/cert artifacts,git ls-files --others --exclude-standard,optional
.build/fx-phase1c-fe/src/components/forex/ForexRiskBar.tsx,untracked,OPTIONAL,Audit/cert artifacts,git ls-files --others --exclude-standard,optional
.build/fx-phase1c-fe/src/components/forex/ForexRiskTools.tsx,untracked,OPTIONAL,Audit/cert artifacts,git ls-files --others --exclude-standard,optional
.build/fx-phase1c-fe/src/components/forex/ForexSessionBar.tsx,untracked,OPTIONAL,Audit/cert artifacts,git ls-files --others --exclude-standard,optional
.build/fx-phase1c-fe/src/components/forex/ForexSymbolSearch.tsx,untracked,OPTIONAL,Audit/cert artifacts,git ls-files --others --exclude-standard,optional
.build/fx-phase1c-fe/src/components/forex/ForexTerminalLayout.tsx,untracked,OPTIONAL,Audit/cert artifacts,git ls-files --others --exclude-standard,optional
.build/fx-phase1c-fe/src/components/forex/ForexTopNav.tsx,untracked,OPTIONAL,Audit/cert artifacts,git ls-files --others --exclude-standard,optional
.build/fx-phase1c-fe/src/components/forex/ForexWatchlist.tsx,untracked,OPTIONAL,Audit/cert artifacts,git ls-files --others --exclude-standard,optional
.build/fx-phase1c-fe/src/components/forex/ForexWorkspaceSwitch.tsx,untracked,OPTIONAL,Audit/cert artifacts,git ls-files --others --exclude-standard,optional
.build/fx-phase1c-fe/src/components/forex/HomeForexProductPair.tsx,untracked,OPTIONAL,Audit/cert artifacts,git ls-files --others --exclude-standard,optional
.build/fx-phase1c-fe/src/components/forex/format.ts,untracked,OPTIONAL,Audit/cert artifacts,git ls-files --others --exclude-standard,optional
.build/fx-phase1c-fe/src/components/home/HeroVisuals.tsx,untracked,OPTIONAL,Audit/cert artifacts,git ls-files --others --exclude-standard,optional
.build/fx-phase1c-fe/src/components/home/RevealOnScroll.tsx,untracked,OPTIONAL,Audit/cert artifacts,git ls-files --others --exclude-standard,optional
.build/fx-phase1c-fe/src/components/layout/ExchangeHeader.tsx,untracked,OPTIONAL,Audit/cert artifacts,git ls-files --others --exclude-standard,optional
.build/fx-phase1c-fe/src/components/layout/GlobalSearch.tsx,untracked,OPTIONAL,Audit/cert artifacts,git ls-files --others --exclude-standard,optional
.build/fx-phase1c-fe/src/components/layout/MobileBottomNav.tsx,untracked,OPTIONAL,Audit/cert artifacts,git ls-files --others --exclude-standard,optional
.build/fx-phase1c-fe/src/components/layout/NotificationCenter.tsx,untracked,OPTIONAL,Audit/cert artifacts,git ls-files --others --exclude-standard,optional
.build/fx-phase1c-fe/src/components/layout/PublicFooter.tsx,untracked,OPTIONAL,Audit/cert artifacts,git ls-files --others --exclude-standard,optional
.build/fx-phase1c-fe/src/components/layout/PublicHeader.tsx,untracked,OPTIONAL,Audit/cert artifacts,git ls-files --others --exclude-standard,optional
.build/fx-phase1c-fe/src/components/layout/PublicLayout.tsx,untracked,OPTIONAL,Audit/cert artifacts,git ls-files --others --exclude-standard,optional
.build/fx-phase1c-fe/src/components/p2p-v2/P2PActionButtons.tsx,untracked,OPTIONAL,Audit/cert artifacts,git ls-files --others --exclude-standard,optional
.build/fx-phase1c-fe/src/components/p2p-v2/P2PAdsTable.tsx,untracked,OPTIONAL,Audit/cert artifacts,git ls-files --others --exclude-standard,optional
.build/fx-phase1c-fe/src/components/p2p-v2/P2PChat.tsx,untracked,OPTIONAL,Audit/cert artifacts,git ls-files --others --exclude-standard,optional
.build/fx-phase1c-fe/src/components/p2p-v2/P2PFilters.tsx,untracked,OPTIONAL,Audit/cert artifacts,git ls-files --others --exclude-standard,optional
.build/fx-phase1c-fe/src/components/p2p-v2/P2PHeader.tsx,untracked,OPTIONAL,Audit/cert artifacts,git ls-files --others --exclude-standard,optional
.build/fx-phase1c-fe/src/components/p2p-v2/P2PMerchantCard.tsx,untracked,OPTIONAL,Audit/cert artifacts,git ls-files --others --exclude-standard,optional
.build/fx-phase1c-fe/src/components/p2p-v2/P2POrderSummary.tsx,untracked,OPTIONAL,Audit/cert artifacts,git ls-files --others --exclude-standard,optional
.build/fx-phase1c-fe/src/components/p2p-v2/P2PPaymentInstructions.tsx,untracked,OPTIONAL,Audit/cert artifacts,git ls-files --others --exclude-standard,optional
.build/fx-phase1c-fe/src/components/p2p-v2/P2PTimer.tsx,untracked,OPTIONAL,Audit/cert artifacts,git ls-files --others --exclude-standard,optional
.build/fx-phase1c-fe/src/components/p2p/P2PFilters.tsx,untracked,OPTIONAL,Audit/cert artifacts,git ls-files --others --exclude-standard,optional
.build/fx-phase1c-fe/src/components/p2p/P2PMerchantTable.tsx,untracked,OPTIONAL,Audit/cert artifacts,git ls-files --others --exclude-standard,optional
.build/fx-phase1c-fe/src/components/p2p/P2PPaymentMethodIcons.tsx,untracked,OPTIONAL,Audit/cert artifacts,git ls-files --others --exclude-standard,optional
.build/fx-phase1c-fe/src/components/p2p/P2PTradeWindow.tsx,untracked,OPTIONAL,Audit/cert artifacts,git ls-files --others --exclude-standard,optional
.build/fx-phase1c-fe/src/components/performance/UserRouteWarmup.tsx,untracked,OPTIONAL,Audit/cert artifacts,git ls-files --others --exclude-standard,optional
.build/fx-phase1c-fe/src/components/providers.tsx,untracked,OPTIONAL,Audit/cert artifacts,git ls-files --others --exclude-standard,optional
.build/fx-phase1c-fe/src/components/referral/ReferralBannerGenerator.tsx,untracked,OPTIONAL,Audit/cert artifacts,git ls-files --others --exclude-standard,optional
.build/fx-phase1c-fe/src/components/referral/ReferralEarningsChart.tsx,untracked,OPTIONAL,Audit/cert artifacts,git ls-files --others --exclude-standard,optional
.build/fx-phase1c-fe/src/components/referral/ReferralFunnel.tsx,untracked,OPTIONAL,Audit/cert artifacts,git ls-files --others --exclude-standard,optional
.build/fx-phase1c-fe/src/components/referral/ReferralLeaderboard.tsx,untracked,OPTIONAL,Audit/cert artifacts,git ls-files --others --exclude-standard,optional
.build/fx-phase1c-fe/src/components/trade/ChartPanel.tsx,untracked,OPTIONAL,Audit/cert artifacts,git ls-files --others --exclude-standard,optional
.build/fx-phase1c-fe/src/components/trade/PairHeader.tsx,untracked,OPTIONAL,Audit/cert artifacts,git ls-files --others --exclude-standard,optional
.build/fx-phase1c-fe/src/components/trade/SpotBottomPanel.tsx,untracked,OPTIONAL,Audit/cert artifacts,git ls-files --others --exclude-standard,optional
.build/fx-phase1c-fe/src/components/trade/SpotDepthChart.tsx,untracked,OPTIONAL,Audit/cert artifacts,git ls-files --others --exclude-standard,optional
.build/fx-phase1c-fe/src/components/trade/SpotMarketDataContext.test.ts,untracked,OPTIONAL,Audit/cert artifacts,git ls-files --others --exclude-standard,optional
.build/fx-phase1c-fe/src/components/trade/SpotMarketDataContext.tsx,untracked,OPTIONAL,Audit/cert artifacts,git ls-files --others --exclude-standard,optional
.build/fx-phase1c-fe/src/components/trade/SpotOrderEntryPanel.tsx,untracked,OPTIONAL,Audit/cert artifacts,git ls-files --others --exclude-standard,optional
.build/fx-phase1c-fe/src/components/trade/SpotOrderbookPanel.tsx,untracked,OPTIONAL,Audit/cert artifacts,git ls-files --others --exclude-standard,optional
.build/fx-phase1c-fe/src/components/trade/SpotPositionPanel.tsx,untracked,OPTIONAL,Audit/cert artifacts,git ls-files --others --exclude-standard,optional
.build/fx-phase1c-fe/src/components/trade/SpotTerminalStatusRow.tsx,untracked,OPTIONAL,Audit/cert artifacts,git ls-files --others --exclude-standard,optional
.build/fx-phase1c-fe/src/components/trade/SpotTradingGrid.tsx,untracked,OPTIONAL,Audit/cert artifacts,git ls-files --others --exclude-standard,optional
.build/fx-phase1c-fe/src/components/trade/SpotTradingGridTerminal.tsx,untracked,OPTIONAL,Audit/cert artifacts,git ls-files --others --exclude-standard,optional
.build/fx-phase1c-fe/src/components/trade/TerminalEmptyState.tsx,untracked,OPTIONAL,Audit/cert artifacts,git ls-files --others --exclude-standard,optional
.build/fx-phase1c-fe/src/components/trade/TerminalStatusChip.tsx,untracked,OPTIONAL,Audit/cert artifacts,git ls-files --others --exclude-standard,optional
.build/fx-phase1c-fe/src/components/trade/chart/ChartAdapter.ts,untracked,OPTIONAL,Audit/cert artifacts,git ls-files --others --exclude-standard,optional
.build/fx-phase1c-fe/src/components/trade/chart/ChartErrorBoundary.tsx,untracked,OPTIONAL,Audit/cert artifacts,git ls-files --others --exclude-standard,optional
.build/fx-phase1c-fe/src/components/trade/chart/LightweightChartsAdapter.ts,untracked,OPTIONAL,Audit/cert artifacts,git ls-files --others --exclude-standard,optional
.build/fx-phase1c-fe/src/components/trade/chart/PHASES_AND_INTEGRATION.md,untracked,OPTIONAL,Audit/cert artifacts,git ls-files --others --exclude-standard,optional
.build/fx-phase1c-fe/src/components/trade/chart/REGRESSION_CHECKLIST.md,untracked,OPTIONAL,Audit/cert artifacts,git ls-files --others --exclude-standard,optional
.build/fx-phase1c-fe/src/components/trade/chart/buildChartCandles.ts,untracked,OPTIONAL,Audit/cert artifacts,git ls-files --others --exclude-standard,optional
.build/fx-phase1c-fe/src/components/trade/chart/cssTradingColors.ts,untracked,OPTIONAL,Audit/cert artifacts,git ls-files --others --exclude-standard,optional
.build/fx-phase1c-fe/src/components/trade/chart/extension/types.ts,untracked,OPTIONAL,Audit/cert artifacts,git ls-files --others --exclude-standard,optional
.build/fx-phase1c-fe/src/components/trade/chart/getChartCandles.ts,untracked,OPTIONAL,Audit/cert artifacts,git ls-files --others --exclude-standard,optional
.build/fx-phase1c-fe/src/components/trade/chart/index.ts,untracked,OPTIONAL,Audit/cert artifacts,git ls-files --others --exclude-standard,optional
.build/fx-phase1c-fe/src/components/trade/chart/indicators.ts,untracked,OPTIONAL,Audit/cert artifacts,git ls-files --others --exclude-standard,optional
.build/fx-phase1c-fe/src/components/trade/chart/indicators/plugins/ModularEmaVwapPlugin.ts,untracked,OPTIONAL,Audit/cert artifacts,git ls-files --others --exclude-standard,optional
.build/fx-phase1c-fe/src/components/trade/chart/indicators/plugins/OverlayStudyPlugin.ts,untracked,OPTIONAL,Audit/cert artifacts,git ls-files --others --exclude-standard,optional
.build/fx-phase1c-fe/src/components/trade/chart/indicators/plugins/RsiPanePlugin.ts,untracked,OPTIONAL,Audit/cert artifacts,git ls-files --others --exclude-standard,optional
.build/fx-phase1c-fe/src/components/trade/chart/indicators/plugins/VolumeMaPlugin.ts,untracked,OPTIONAL,Audit/cert artifacts,git ls-files --others --exclude-standard,optional
.build/fx-phase1c-fe/src/components/trade/chart/indicators/plugins/index.ts,untracked,OPTIONAL,Audit/cert artifacts,git ls-files --others --exclude-standard,optional
.build/fx-phase1c-fe/src/components/trade/chart/indicators/plugins/pluginTypes.ts,untracked,OPTIONAL,Audit/cert artifacts,git ls-files --others --exclude-standard,optional
.build/fx-phase1c-fe/src/components/trade/chart/lightweightChartsData.test.ts,untracked,OPTIONAL,Audit/cert artifacts,git ls-files --others --exclude-standard,optional
.build/fx-phase1c-fe/src/components/trade/chart/lightweightChartsData.ts,untracked,OPTIONAL,Audit/cert artifacts,git ls-files --others --exclude-standard,optional
.build/fx-phase1c-fe/src/components/trade/chart/normalizeCandleData.ts,untracked,OPTIONAL,Audit/cert artifacts,git ls-files --others --exclude-standard,optional
.build/fx-phase1c-fe/src/components/trade/chart/overlays/README.md,untracked,OPTIONAL,Audit/cert artifacts,git ls-files --others --exclude-standard,optional
.build/fx-phase1c-fe/src/components/trade/chart/tools/DrawingToolManager.ts,untracked,OPTIONAL,Audit/cert artifacts,git ls-files --others --exclude-standard,optional
.build/fx-phase1c-fe/src/components/trade/chart/tools/FibonacciRetracementTool.ts,untracked,OPTIONAL,Audit/cert artifacts,git ls-files --others --exclude-standard,optional
.build/fx-phase1c-fe/src/components/trade/chart/useChartAdapter.ts,untracked,OPTIONAL,Audit/cert artifacts,git ls-files --others --exclude-standard,optional
.build/fx-phase1c-fe/src/components/trade/chart/utils/throttle.ts,untracked,OPTIONAL,Audit/cert artifacts,git ls-files --others --exclude-standard,optional
.build/fx-phase1c-fe/src/components/trade/chart/validateCandleContinuity.ts,untracked,OPTIONAL,Audit/cert artifacts,git ls-files --others --exclude-standard,optional
.build/fx-phase1c-fe/src/components/trade/terminalFormat.ts,untracked,OPTIONAL,Audit/cert artifacts,git ls-files --others --exclude-standard,optional
.build/fx-phase1c-fe/src/components/trade/terminalUiFormat.ts,untracked,OPTIONAL,Audit/cert artifacts,git ls-files --others --exclude-standard,optional
.build/fx-phase1c-fe/src/components/trade/tradeStreamSanitizer.ts,untracked,OPTIONAL,Audit/cert artifacts,git ls-files --others --exclude-standard,optional
.build/fx-phase1c-fe/src/components/trade/useSpotBottomPanel.ts,untracked,OPTIONAL,Audit/cert artifacts,git ls-files --others --exclude-standard,optional
.build/fx-phase1c-fe/src/components/trading/MarketsSidebar.tsx,untracked,OPTIONAL,Audit/cert artifacts,git ls-files --others --exclude-standard,optional
.build/fx-phase1c-fe/src/components/ui/CoinIcon.tsx,untracked,OPTIONAL,Audit/cert artifacts,git ls-files --others --exclude-standard,optional
.build/fx-phase1c-fe/src/components/ui/EmptyState.tsx,untracked,OPTIONAL,Audit/cert artifacts,git ls-files --others --exclude-standard,optional
.build/fx-phase1c-fe/src/components/ui/ErrorState.tsx,untracked,OPTIONAL,Audit/cert artifacts,git ls-files --others --exclude-standard,optional
.build/fx-phase1c-fe/src/components/ui/InfoTooltip.tsx,untracked,OPTIONAL,Audit/cert artifacts,git ls-files --others --exclude-standard,optional
.build/fx-phase1c-fe/src/components/ui/Skeleton.tsx,untracked,OPTIONAL,Audit/cert artifacts,git ls-files --others --exclude-standard,optional
.build/fx-phase1c-fe/src/components/ui/Tooltip.tsx,untracked,OPTIONAL,Audit/cert artifacts,git ls-files --others --exclude-standard,optional
.build/fx-phase1c-fe/src/components/ui/alert-dialog.tsx,untracked,OPTIONAL,Audit/cert artifacts,git ls-files --others --exclude-standard,optional
.build/fx-phase1c-fe/src/components/ui/avatar.tsx,untracked,OPTIONAL,Audit/cert artifacts,git ls-files --others --exclude-standard,optional
.build/fx-phase1c-fe/src/components/ui/badge.tsx,untracked,OPTIONAL,Audit/cert artifacts,git ls-files --others --exclude-standard,optional
.build/fx-phase1c-fe/src/components/ui/button.tsx,untracked,OPTIONAL,Audit/cert artifacts,git ls-files --others --exclude-standard,optional
.build/fx-phase1c-fe/src/components/ui/card.tsx,untracked,OPTIONAL,Audit/cert artifacts,git ls-files --others --exclude-standard,optional
.build/fx-phase1c-fe/src/components/ui/dialog.tsx,untracked,OPTIONAL,Audit/cert artifacts,git ls-files --others --exclude-standard,optional
.build/fx-phase1c-fe/src/components/ui/dropdown-menu.tsx,untracked,OPTIONAL,Audit/cert artifacts,git ls-files --others --exclude-standard,optional
.build/fx-phase1c-fe/src/components/ui/input.tsx,untracked,OPTIONAL,Audit/cert artifacts,git ls-files --others --exclude-standard,optional
.build/fx-phase1c-fe/src/components/ui/progress.tsx,untracked,OPTIONAL,Audit/cert artifacts,git ls-files --others --exclude-standard,optional
.build/fx-phase1c-fe/src/components/ui/select.tsx,untracked,OPTIONAL,Audit/cert artifacts,git ls-files --others --exclude-standard,optional
.build/fx-phase1c-fe/src/components/ui/switch.tsx,untracked,OPTIONAL,Audit/cert artifacts,git ls-files --others --exclude-standard,optional
.build/fx-phase1c-fe/src/components/ui/table.tsx,untracked,OPTIONAL,Audit/cert artifacts,git ls-files --others --exclude-standard,optional
.build/fx-phase1c-fe/src/components/ui/tabs.tsx,untracked,OPTIONAL,Audit/cert artifacts,git ls-files --others --exclude-standard,optional
.build/fx-phase1c-fe/src/components/ui/toaster.tsx,untracked,OPTIONAL,Audit/cert artifacts,git ls-files --others --exclude-standard,optional
.build/fx-phase1c-fe/src/components/wallet/WalletOperationsShell.tsx,untracked,OPTIONAL,Audit/cert artifacts,git ls-files --others --exclude-standard,optional
.build/fx-phase1c-fe/src/components/wallet/WalletWithdrawNav.tsx,untracked,OPTIONAL,Audit/cert artifacts,git ls-files --others --exclude-standard,optional
.build/fx-phase1c-fe/src/context/AuthContext.tsx,untracked,OPTIONAL,Audit/cert artifacts,git ls-files --others --exclude-standard,optional
.build/fx-phase1c-fe/src/context/DisplayCurrencyProvider.tsx,untracked,OPTIONAL,Audit/cert artifacts,git ls-files --others --exclude-standard,optional
.build/fx-phase1c-fe/src/data/exchangeProgressSteps.ts,untracked,OPTIONAL,Audit/cert artifacts,git ls-files --others --exclude-standard,optional
.build/fx-phase1c-fe/src/hooks/useInfiniteScroll.ts,untracked,OPTIONAL,Audit/cert artifacts,git ls-files --others --exclude-standard,optional
.build/fx-phase1c-fe/src/hooks/useP2pOrderWs.ts,untracked,OPTIONAL,Audit/cert artifacts,git ls-files --others --exclude-standard,optional
.build/fx-phase1c-fe/src/hooks/useP2pReferencePrice.ts,untracked,OPTIONAL,Audit/cert artifacts,git ls-files --others --exclude-standard,optional
.build/fx-phase1c-fe/src/hooks/useReferencePrice.ts,untracked,OPTIONAL,Audit/cert artifacts,git ls-files --others --exclude-standard,optional
.build/fx-phase1c-fe/src/hooks/useSpotFavorites.ts,untracked,OPTIONAL,Audit/cert artifacts,git ls-files --others --exclude-standard,optional
.build/fx-phase1c-fe/src/hooks/useSpotWs.ts,untracked,OPTIONAL,Audit/cert artifacts,git ls-files --others --exclude-standard,optional
.build/fx-phase1c-fe/src/lib/api.ts,untracked,OPTIONAL,Audit/cert artifacts,git ls-files --others --exclude-standard,optional
.build/fx-phase1c-fe/src/lib/auth-cookie-edge.ts,untracked,OPTIONAL,Audit/cert artifacts,git ls-files --others --exclude-standard,optional
.build/fx-phase1c-fe/src/lib/authLogout.ts,untracked,OPTIONAL,Audit/cert artifacts,git ls-files --others --exclude-standard,optional
.build/fx-phase1c-fe/src/lib/authSession.ts,untracked,OPTIONAL,Audit/cert artifacts,git ls-files --others --exclude-standard,optional
.build/fx-phase1c-fe/src/lib/balances.ts,untracked,OPTIONAL,Audit/cert artifacts,git ls-files --others --exclude-standard,optional
.build/fx-phase1c-fe/src/lib/brand.ts,untracked,OPTIONAL,Audit/cert artifacts,git ls-files --others --exclude-standard,optional
.build/fx-phase1c-fe/src/lib/currency/CurrencyConversionUtility.ts,untracked,OPTIONAL,Audit/cert artifacts,git ls-files --others --exclude-standard,optional
.build/fx-phase1c-fe/src/lib/currency/CurrencyPreferenceService.ts,untracked,OPTIONAL,Audit/cert artifacts,git ls-files --others --exclude-standard,optional
.build/fx-phase1c-fe/src/lib/currency/FXRateService.ts,untracked,OPTIONAL,Audit/cert artifacts,git ls-files --others --exclude-standard,optional
.build/fx-phase1c-fe/src/lib/eda/eda-phase13.test.ts,untracked,OPTIONAL,Audit/cert artifacts,git ls-files --others --exclude-standard,optional
.build/fx-phase1c-fe/src/lib/eda/eda-public-home.test.ts,untracked,OPTIONAL,Audit/cert artifacts,git ls-files --others --exclude-standard,optional
.build/fx-phase1c-fe/src/lib/eda/money-state.ts,untracked,OPTIONAL,Audit/cert artifacts,git ls-files --others --exclude-standard,optional
.build/fx-phase1c-fe/src/lib/eda/public-markets.ts,untracked,OPTIONAL,Audit/cert artifacts,git ls-files --others --exclude-standard,optional
.build/fx-phase1c-fe/src/lib/errorMessages.ts,untracked,OPTIONAL,Audit/cert artifacts,git ls-files --others --exclude-standard,optional
.build/fx-phase1c-fe/src/lib/exportCsv.ts,untracked,OPTIONAL,Audit/cert artifacts,git ls-files --others --exclude-standard,optional
.build/fx-phase1c-fe/src/lib/fiatApi.ts,untracked,OPTIONAL,Audit/cert artifacts,git ls-files --others --exclude-standard,optional
.build/fx-phase1c-fe/src/lib/forex/analysis/indicators.ts,untracked,OPTIONAL,Audit/cert artifacts,git ls-files --others --exclude-standard,optional
.build/fx-phase1c-fe/src/lib/forex/api/auth-token.ts,untracked,OPTIONAL,Audit/cert artifacts,git ls-files --others --exclude-standard,optional
.build/fx-phase1c-fe/src/lib/forex/api/client.ts,untracked,OPTIONAL,Audit/cert artifacts,git ls-files --others --exclude-standard,optional
.build/fx-phase1c-fe/src/lib/forex/brand.ts,untracked,OPTIONAL,Audit/cert artifacts,git ls-files --others --exclude-standard,optional
.build/fx-phase1c-fe/src/lib/forex/chart/forex-drawings.ts,untracked,OPTIONAL,Audit/cert artifacts,git ls-files --others --exclude-standard,optional
.build/fx-phase1c-fe/src/lib/forex/chart/pip-math.test.ts,untracked,OPTIONAL,Audit/cert artifacts,git ls-files --others --exclude-standard,optional
.build/fx-phase1c-fe/src/lib/forex/chart/pip-math.ts,untracked,OPTIONAL,Audit/cert artifacts,git ls-files --others --exclude-standard,optional
.build/fx-phase1c-fe/src/lib/forex/chart/session-markers.ts,untracked,OPTIONAL,Audit/cert artifacts,git ls-files --others --exclude-standard,optional
.build/fx-phase1c-fe/src/lib/forex/chart/structure-levels.ts,untracked,OPTIONAL,Audit/cert artifacts,git ls-files --others --exclude-standard,optional
.build/fx-phase1c-fe/src/lib/forex/chart/studies.ts,untracked,OPTIONAL,Audit/cert artifacts,git ls-files --others --exclude-standard,optional
.build/fx-phase1c-fe/src/lib/forex/eda-unification.test.ts,untracked,OPTIONAL,Audit/cert artifacts,git ls-files --others --exclude-standard,optional
.build/fx-phase1c-fe/src/lib/forex/forex-candles.test.ts,untracked,OPTIONAL,Audit/cert artifacts,git ls-files --others --exclude-standard,optional
.build/fx-phase1c-fe/src/lib/forex/forex-foundation.test.ts,untracked,OPTIONAL,Audit/cert artifacts,git ls-files --others --exclude-standard,optional
.build/fx-phase1c-fe/src/lib/forex/forex-phase11.test.ts,untracked,OPTIONAL,Audit/cert artifacts,git ls-files --others --exclude-standard,optional
.build/fx-phase1c-fe/src/lib/forex/forex-positions.test.ts,untracked,OPTIONAL,Audit/cert artifacts,git ls-files --others --exclude-standard,optional
.build/fx-phase1c-fe/src/lib/forex/forex-preview.test.ts,untracked,OPTIONAL,Audit/cert artifacts,git ls-files --others --exclude-standard,optional
.build/fx-phase1c-fe/src/lib/forex/forex-workstation-ui.test.ts,untracked,OPTIONAL,Audit/cert artifacts,git ls-files --others --exclude-standard,optional
.build/fx-phase1c-fe/src/lib/forex/local-indicators.ts,untracked,OPTIONAL,Audit/cert artifacts,git ls-files --others --exclude-standard,optional
.build/fx-phase1c-fe/src/lib/forex/market-data/candle-engine.test.ts,untracked,OPTIONAL,Audit/cert artifacts,git ls-files --others --exclude-standard,optional
.build/fx-phase1c-fe/src/lib/forex/market-data/candle-engine.ts,untracked,OPTIONAL,Audit/cert artifacts,git ls-files --others --exclude-standard,optional
.build/fx-phase1c-fe/src/lib/forex/market-data/provider.ts,untracked,OPTIONAL,Audit/cert artifacts,git ls-files --others --exclude-standard,optional
.build/fx-phase1c-fe/src/lib/forex/market-data/quote-chart-overlay.test.ts,untracked,OPTIONAL,Audit/cert artifacts,git ls-files --others --exclude-standard,optional
.build/fx-phase1c-fe/src/lib/forex/market-data/quote-chart-overlay.ts,untracked,OPTIONAL,Audit/cert artifacts,git ls-files --others --exclude-standard,optional
.build/fx-phase1c-fe/src/lib/forex/models/candles.ts,untracked,OPTIONAL,Audit/cert artifacts,git ls-files --others --exclude-standard,optional
.build/fx-phase1c-fe/src/lib/forex/models/errors.ts,untracked,OPTIONAL,Audit/cert artifacts,git ls-files --others --exclude-standard,optional
.build/fx-phase1c-fe/src/lib/forex/models/live-valuation.ts,untracked,OPTIONAL,Audit/cert artifacts,git ls-files --others --exclude-standard,optional
.build/fx-phase1c-fe/src/lib/forex/models/order-type-tif.ts,untracked,OPTIONAL,Audit/cert artifacts,git ls-files --others --exclude-standard,optional
.build/fx-phase1c-fe/src/lib/forex/models/position.ts,untracked,OPTIONAL,Audit/cert artifacts,git ls-files --others --exclude-standard,optional
.build/fx-phase1c-fe/src/lib/forex/models/preview.ts,untracked,OPTIONAL,Audit/cert artifacts,git ls-files --others --exclude-standard,optional
.build/fx-phase1c-fe/src/lib/forex/models/quotes.ts,untracked,OPTIONAL,Audit/cert artifacts,git ls-files --others --exclude-standard,optional
.build/fx-phase1c-fe/src/lib/forex/models/ticket-risk.ts,untracked,OPTIONAL,Audit/cert artifacts,git ls-files --others --exclude-standard,optional
.build/fx-phase1c-fe/src/lib/forex/models/types.ts,untracked,OPTIONAL,Audit/cert artifacts,git ls-files --others --exclude-standard,optional
.build/fx-phase1c-fe/src/lib/forex/routes.ts,untracked,OPTIONAL,Audit/cert artifacts,git ls-files --others --exclude-standard,optional
.build/fx-phase1c-fe/src/lib/forex/runtime/client-id.test.ts,untracked,OPTIONAL,Audit/cert artifacts,git ls-files --others --exclude-standard,optional
.build/fx-phase1c-fe/src/lib/forex/runtime/client-id.ts,untracked,OPTIONAL,Audit/cert artifacts,git ls-files --others --exclude-standard,optional
.build/fx-phase1c-fe/src/lib/forex/runtime/hydrate.ts,untracked,OPTIONAL,Audit/cert artifacts,git ls-files --others --exclude-standard,optional
.build/fx-phase1c-fe/src/lib/forex/runtime/useForexCandles.ts,untracked,OPTIONAL,Audit/cert artifacts,git ls-files --others --exclude-standard,optional
.build/fx-phase1c-fe/src/lib/forex/runtime/useForexOrderEngine.ts,untracked,OPTIONAL,Audit/cert artifacts,git ls-files --others --exclude-standard,optional
.build/fx-phase1c-fe/src/lib/forex/runtime/useForexPositionActions.ts,untracked,OPTIONAL,Audit/cert artifacts,git ls-files --others --exclude-standard,optional
.build/fx-phase1c-fe/src/lib/forex/runtime/useForexPreview.ts,untracked,OPTIONAL,Audit/cert artifacts,git ls-files --others --exclude-standard,optional
.build/fx-phase1c-fe/src/lib/forex/runtime/useForexRuntime.ts,untracked,OPTIONAL,Audit/cert artifacts,git ls-files --others --exclude-standard,optional
.build/fx-phase1c-fe/src/lib/forex/runtime/useForexSession.ts,untracked,OPTIONAL,Audit/cert artifacts,git ls-files --others --exclude-standard,optional
.build/fx-phase1c-fe/src/lib/forex/selectors/connection.ts,untracked,OPTIONAL,Audit/cert artifacts,git ls-files --others --exclude-standard,optional
.build/fx-phase1c-fe/src/lib/forex/state/store.ts,untracked,OPTIONAL,Audit/cert artifacts,git ls-files --others --exclude-standard,optional
.build/fx-phase1c-fe/src/lib/forex/state/workspace-layout.test.ts,untracked,OPTIONAL,Audit/cert artifacts,git ls-files --others --exclude-standard,optional
.build/fx-phase1c-fe/src/lib/forex/state/workspace.ts,untracked,OPTIONAL,Audit/cert artifacts,git ls-files --others --exclude-standard,optional
.build/fx-phase1c-fe/src/lib/forex/websocket/channels.ts,untracked,OPTIONAL,Audit/cert artifacts,git ls-files --others --exclude-standard,optional
.build/fx-phase1c-fe/src/lib/forex/websocket/manager.ts,untracked,OPTIONAL,Audit/cert artifacts,git ls-files --others --exclude-standard,optional
.build/fx-phase1c-fe/src/lib/forex/websocket/url.ts,untracked,OPTIONAL,Audit/cert artifacts,git ls-files --others --exclude-standard,optional
.build/fx-phase1c-fe/src/lib/getApiUrl.ts,untracked,OPTIONAL,Audit/cert artifacts,git ls-files --others --exclude-standard,optional
.build/fx-phase1c-fe/src/lib/idempotency.ts,untracked,OPTIONAL,Audit/cert artifacts,git ls-files --others --exclude-standard,optional
.build/fx-phase1c-fe/src/lib/marketDataUxCopy.ts,untracked,OPTIONAL,Audit/cert artifacts,git ls-files --others --exclude-standard,optional
.build/fx-phase1c-fe/src/lib/notifyError.ts,untracked,OPTIONAL,Audit/cert artifacts,git ls-files --others --exclude-standard,optional
.build/fx-phase1c-fe/src/lib/oauth.ts,untracked,OPTIONAL,Audit/cert artifacts,git ls-files --others --exclude-standard,optional
.build/fx-phase1c-fe/src/lib/orderbookDelta.ts,untracked,OPTIONAL,Audit/cert artifacts,git ls-files --others --exclude-standard,optional
.build/fx-phase1c-fe/src/lib/p2p-v2-utils.ts,untracked,OPTIONAL,Audit/cert artifacts,git ls-files --others --exclude-standard,optional
.build/fx-phase1c-fe/src/lib/p2pApi.ts,untracked,OPTIONAL,Audit/cert artifacts,git ls-files --others --exclude-standard,optional
.build/fx-phase1c-fe/src/lib/passkey.ts,untracked,OPTIONAL,Audit/cert artifacts,git ls-files --others --exclude-standard,optional
.build/fx-phase1c-fe/src/lib/pushNotifications.ts,untracked,OPTIONAL,Audit/cert artifacts,git ls-files --others --exclude-standard,optional
.build/fx-phase1c-fe/src/lib/routes.ts,untracked,OPTIONAL,Audit/cert artifacts,git ls-files --others --exclude-standard,optional
.build/fx-phase1c-fe/src/lib/seo/pageMetadata.ts,untracked,OPTIONAL,Audit/cert artifacts,git ls-files --others --exclude-standard,optional
.build/fx-phase1c-fe/src/lib/spotPriceDisplay.ts,untracked,OPTIONAL,Audit/cert artifacts,git ls-files --others --exclude-standard,optional
.build/fx-phase1c-fe/src/lib/tier1-canonical-routes.ts,untracked,OPTIONAL,Audit/cert artifacts,git ls-files --others --exclude-standard,optional
.build/fx-phase1c-fe/src/lib/tier1-shell-routes.ts,untracked,OPTIONAL,Audit/cert artifacts,git ls-files --others --exclude-standard,optional
.build/fx-phase1c-fe/src/lib/utils.ts,untracked,OPTIONAL,Audit/cert artifacts,git ls-files --others --exclude-standard,optional
.build/fx-phase1c-fe/src/lib/volumeMetrics.ts,untracked,OPTIONAL,Audit/cert artifacts,git ls-files --others --exclude-standard,optional
.build/fx-phase1c-fe/src/lib/webauthn.ts,untracked,OPTIONAL,Audit/cert artifacts,git ls-files --others --exclude-standard,optional
.build/fx-phase1c-fe/src/middleware.ts,untracked,OPTIONAL,Audit/cert artifacts,git ls-files --others --exclude-standard,optional
.build/fx-phase1c-fe/src/store/auth.ts,untracked,OPTIONAL,Audit/cert artifacts,git ls-files --others --exclude-standard,optional
.build/fx-phase1c-fe/src/store/theme.ts,untracked,OPTIONAL,Audit/cert artifacts,git ls-files --others --exclude-standard,optional
.build/fx-phase1c-fe/src/types/admin.ts,untracked,OPTIONAL,Audit/cert artifacts,git ls-files --others --exclude-standard,optional
.build/fx-phase1c-fe/tailwind.config.ts,untracked,OPTIONAL,Audit/cert artifacts,git ls-files --others --exclude-standard,optional
.build/fx-phase1c-fe/tsconfig.json,untracked,OPTIONAL,Audit/cert artifacts,git ls-files --others --exclude-standard,optional
.build/i18n-home-browser-audit/home_en.json,untracked,OPTIONAL,Audit/cert artifacts,git ls-files --others --exclude-standard,optional
.build/i18n-home-browser-audit/home_en.png,untracked,OPTIONAL,Audit/cert artifacts,git ls-files --others --exclude-standard,optional
.build/i18n-home-browser-audit/home_id-ID.json,untracked,OPTIONAL,Audit/cert artifacts,git ls-files --others --exclude-standard,optional
.build/i18n-home-browser-audit/home_id-ID.png,untracked,OPTIONAL,Audit/cert artifacts,git ls-files --others --exclude-standard,optional
.build/i18n-home-browser-audit/home_zh-CN.json,untracked,OPTIONAL,Audit/cert artifacts,git ls-files --others --exclude-standard,optional
.build/i18n-home-browser-audit/home_zh-CN.png,untracked,OPTIONAL,Audit/cert artifacts,git ls-files --others --exclude-standard,optional
.build/i18n-markets-browser-audit/markets_en.json,untracked,OPTIONAL,Audit/cert artifacts,git ls-files --others --exclude-standard,optional
.build/i18n-markets-browser-audit/markets_en.png,untracked,OPTIONAL,Audit/cert artifacts,git ls-files --others --exclude-standard,optional
.build/i18n-markets-browser-audit/markets_id-ID.json,untracked,OPTIONAL,Audit/cert artifacts,git ls-files --others --exclude-standard,optional
.build/i18n-markets-browser-audit/markets_id-ID.png,untracked,OPTIONAL,Audit/cert artifacts,git ls-files --others --exclude-standard,optional
.build/i18n-markets-browser-audit/markets_zh-CN.json,untracked,OPTIONAL,Audit/cert artifacts,git ls-files --others --exclude-standard,optional
.build/i18n-markets-browser-audit/markets_zh-CN.png,untracked,OPTIONAL,Audit/cert artifacts,git ls-files --others --exclude-standard,optional
.build/i18n-spot-browser-audit/spot_en.json,untracked,OPTIONAL,Audit/cert artifacts,git ls-files --others --exclude-standard,optional
.build/i18n-spot-browser-audit/spot_en_1440x900.png,untracked,OPTIONAL,Audit/cert artifacts,git ls-files --others --exclude-standard,optional
.build/i18n-spot-browser-audit/spot_id-ID.json,untracked,OPTIONAL,Audit/cert artifacts,git ls-files --others --exclude-standard,optional
.build/i18n-spot-browser-audit/spot_id-ID_1440x900.png,untracked,OPTIONAL,Audit/cert artifacts,git ls-files --others --exclude-standard,optional
.build/i18n-spot-browser-audit/spot_zh-CN.json,untracked,OPTIONAL,Audit/cert artifacts,git ls-files --others --exclude-standard,optional
.build/i18n-spot-browser-audit/spot_zh-CN_1440x900.png,untracked,OPTIONAL,Audit/cert artifacts,git ls-files --others --exclude-standard,optional
.build/i18n-visual-matrix/auth_account_en_1024x768.png,untracked,OPTIONAL,Audit/cert artifacts,git ls-files --others --exclude-standard,optional
.build/i18n-visual-matrix/auth_account_en_1280x800.png,untracked,OPTIONAL,Audit/cert artifacts,git ls-files --others --exclude-standard,optional
.build/i18n-visual-matrix/auth_account_en_1440x900.png,untracked,OPTIONAL,Audit/cert artifacts,git ls-files --others --exclude-standard,optional
.build/i18n-visual-matrix/auth_account_en_390x844.png,untracked,OPTIONAL,Audit/cert artifacts,git ls-files --others --exclude-standard,optional
.build/i18n-visual-matrix/auth_account_en_768x1024.png,untracked,OPTIONAL,Audit/cert artifacts,git ls-files --others --exclude-standard,optional
.build/i18n-visual-matrix/auth_account_id-ID_1024x768.png,untracked,OPTIONAL,Audit/cert artifacts,git ls-files --others --exclude-standard,optional
.build/i18n-visual-matrix/auth_account_id-ID_1280x800.png,untracked,OPTIONAL,Audit/cert artifacts,git ls-files --others --exclude-standard,optional
.build/i18n-visual-matrix/auth_account_id-ID_1440x900.png,untracked,OPTIONAL,Audit/cert artifacts,git ls-files --others --exclude-standard,optional
.build/i18n-visual-matrix/auth_account_id-ID_390x844.png,untracked,OPTIONAL,Audit/cert artifacts,git ls-files --others --exclude-standard,optional
.build/i18n-visual-matrix/auth_account_id-ID_768x1024.png,untracked,OPTIONAL,Audit/cert artifacts,git ls-files --others --exclude-standard,optional
.build/i18n-visual-matrix/auth_account_zh-CN_1024x768.png,untracked,OPTIONAL,Audit/cert artifacts,git ls-files --others --exclude-standard,optional
.build/i18n-visual-matrix/auth_account_zh-CN_1280x800.png,untracked,OPTIONAL,Audit/cert artifacts,git ls-files --others --exclude-standard,optional
.build/i18n-visual-matrix/auth_account_zh-CN_1440x900.png,untracked,OPTIONAL,Audit/cert artifacts,git ls-files --others --exclude-standard,optional
.build/i18n-visual-matrix/auth_account_zh-CN_390x844.png,untracked,OPTIONAL,Audit/cert artifacts,git ls-files --others --exclude-standard,optional
.build/i18n-visual-matrix/auth_account_zh-CN_768x1024.png,untracked,OPTIONAL,Audit/cert artifacts,git ls-files --others --exclude-standard,optional
.build/i18n-visual-matrix/auth_forex-account_en_1024x768.png,untracked,OPTIONAL,Audit/cert artifacts,git ls-files --others --exclude-standard,optional
.build/i18n-visual-matrix/auth_forex-account_en_1280x800.png,untracked,OPTIONAL,Audit/cert artifacts,git ls-files --others --exclude-standard,optional
.build/i18n-visual-matrix/auth_forex-account_en_1440x900.png,untracked,OPTIONAL,Audit/cert artifacts,git ls-files --others --exclude-standard,optional
.build/i18n-visual-matrix/auth_forex-account_en_390x844.png,untracked,OPTIONAL,Audit/cert artifacts,git ls-files --others --exclude-standard,optional
.build/i18n-visual-matrix/auth_forex-account_en_768x1024.png,untracked,OPTIONAL,Audit/cert artifacts,git ls-files --others --exclude-standard,optional
.build/i18n-visual-matrix/auth_forex-account_id-ID_1024x768.png,untracked,OPTIONAL,Audit/cert artifacts,git ls-files --others --exclude-standard,optional
.build/i18n-visual-matrix/auth_forex-account_id-ID_1280x800.png,untracked,OPTIONAL,Audit/cert artifacts,git ls-files --others --exclude-standard,optional
.build/i18n-visual-matrix/auth_forex-account_id-ID_1440x900.png,untracked,OPTIONAL,Audit/cert artifacts,git ls-files --others --exclude-standard,optional
.build/i18n-visual-matrix/auth_forex-account_id-ID_390x844.png,untracked,OPTIONAL,Audit/cert artifacts,git ls-files --others --exclude-standard,optional
.build/i18n-visual-matrix/auth_forex-account_id-ID_768x1024.png,untracked,OPTIONAL,Audit/cert artifacts,git ls-files --others --exclude-standard,optional
.build/i18n-visual-matrix/auth_forex-account_zh-CN_1024x768.png,untracked,OPTIONAL,Audit/cert artifacts,git ls-files --others --exclude-standard,optional
.build/i18n-visual-matrix/auth_forex-account_zh-CN_1280x800.png,untracked,OPTIONAL,Audit/cert artifacts,git ls-files --others --exclude-standard,optional
.build/i18n-visual-matrix/auth_forex-account_zh-CN_1440x900.png,untracked,OPTIONAL,Audit/cert artifacts,git ls-files --others --exclude-standard,optional
.build/i18n-visual-matrix/auth_forex-account_zh-CN_390x844.png,untracked,OPTIONAL,Audit/cert artifacts,git ls-files --others --exclude-standard,optional
.build/i18n-visual-matrix/auth_forex-account_zh-CN_768x1024.png,untracked,OPTIONAL,Audit/cert artifacts,git ls-files --others --exclude-standard,optional
.build/i18n-visual-matrix/auth_forex-orders_en_1024x768.png,untracked,OPTIONAL,Audit/cert artifacts,git ls-files --others --exclude-standard,optional
.build/i18n-visual-matrix/auth_forex-orders_en_1280x800.png,untracked,OPTIONAL,Audit/cert artifacts,git ls-files --others --exclude-standard,optional
.build/i18n-visual-matrix/auth_forex-orders_en_1440x900.png,untracked,OPTIONAL,Audit/cert artifacts,git ls-files --others --exclude-standard,optional
.build/i18n-visual-matrix/auth_forex-orders_en_390x844.png,untracked,OPTIONAL,Audit/cert artifacts,git ls-files --others --exclude-standard,optional
.build/i18n-visual-matrix/auth_forex-orders_en_768x1024.png,untracked,OPTIONAL,Audit/cert artifacts,git ls-files --others --exclude-standard,optional
.build/i18n-visual-matrix/auth_forex-orders_id-ID_1024x768.png,untracked,OPTIONAL,Audit/cert artifacts,git ls-files --others --exclude-standard,optional
.build/i18n-visual-matrix/auth_forex-orders_id-ID_1280x800.png,untracked,OPTIONAL,Audit/cert artifacts,git ls-files --others --exclude-standard,optional
.build/i18n-visual-matrix/auth_forex-orders_id-ID_1440x900.png,untracked,OPTIONAL,Audit/cert artifacts,git ls-files --others --exclude-standard,optional
.build/i18n-visual-matrix/auth_forex-orders_id-ID_390x844.png,untracked,OPTIONAL,Audit/cert artifacts,git ls-files --others --exclude-standard,optional
.build/i18n-visual-matrix/auth_forex-orders_id-ID_768x1024.png,untracked,OPTIONAL,Audit/cert artifacts,git ls-files --others --exclude-standard,optional
.build/i18n-visual-matrix/auth_forex-orders_zh-CN_1024x768.png,untracked,OPTIONAL,Audit/cert artifacts,git ls-files --others --exclude-standard,optional
.build/i18n-visual-matrix/auth_forex-orders_zh-CN_1280x800.png,untracked,OPTIONAL,Audit/cert artifacts,git ls-files --others --exclude-standard,optional
.build/i18n-visual-matrix/auth_forex-orders_zh-CN_1440x900.png,untracked,OPTIONAL,Audit/cert artifacts,git ls-files --others --exclude-standard,optional
.build/i18n-visual-matrix/auth_forex-orders_zh-CN_390x844.png,untracked,OPTIONAL,Audit/cert artifacts,git ls-files --others --exclude-standard,optional
.build/i18n-visual-matrix/auth_forex-orders_zh-CN_768x1024.png,untracked,OPTIONAL,Audit/cert artifacts,git ls-files --others --exclude-standard,optional
.build/i18n-visual-matrix/auth_forex-portfolio_en_1024x768.png,untracked,OPTIONAL,Audit/cert artifacts,git ls-files --others --exclude-standard,optional
.build/i18n-visual-matrix/auth_forex-portfolio_en_1280x800.png,untracked,OPTIONAL,Audit/cert artifacts,git ls-files --others --exclude-standard,optional
.build/i18n-visual-matrix/auth_forex-portfolio_en_1440x900.png,untracked,OPTIONAL,Audit/cert artifacts,git ls-files --others --exclude-standard,optional
.build/i18n-visual-matrix/auth_forex-portfolio_en_390x844.png,untracked,OPTIONAL,Audit/cert artifacts,git ls-files --others --exclude-standard,optional
.build/i18n-visual-matrix/auth_forex-portfolio_en_768x1024.png,untracked,OPTIONAL,Audit/cert artifacts,git ls-files --others --exclude-standard,optional
.build/i18n-visual-matrix/auth_forex-portfolio_id-ID_1024x768.png,untracked,OPTIONAL,Audit/cert artifacts,git ls-files --others --exclude-standard,optional
.build/i18n-visual-matrix/auth_forex-portfolio_id-ID_1280x800.png,untracked,OPTIONAL,Audit/cert artifacts,git ls-files --others --exclude-standard,optional
.build/i18n-visual-matrix/auth_forex-portfolio_id-ID_1440x900.png,untracked,OPTIONAL,Audit/cert artifacts,git ls-files --others --exclude-standard,optional
.build/i18n-visual-matrix/auth_forex-portfolio_id-ID_390x844.png,untracked,OPTIONAL,Audit/cert artifacts,git ls-files --others --exclude-standard,optional
.build/i18n-visual-matrix/auth_forex-portfolio_id-ID_768x1024.png,untracked,OPTIONAL,Audit/cert artifacts,git ls-files --others --exclude-standard,optional
.build/i18n-visual-matrix/auth_forex-portfolio_zh-CN_1024x768.png,untracked,OPTIONAL,Audit/cert artifacts,git ls-files --others --exclude-standard,optional
.build/i18n-visual-matrix/auth_forex-portfolio_zh-CN_1280x800.png,untracked,OPTIONAL,Audit/cert artifacts,git ls-files --others --exclude-standard,optional
.build/i18n-visual-matrix/auth_forex-portfolio_zh-CN_1440x900.png,untracked,OPTIONAL,Audit/cert artifacts,git ls-files --others --exclude-standard,optional
.build/i18n-visual-matrix/auth_forex-portfolio_zh-CN_390x844.png,untracked,OPTIONAL,Audit/cert artifacts,git ls-files --others --exclude-standard,optional
.build/i18n-visual-matrix/auth_forex-portfolio_zh-CN_768x1024.png,untracked,OPTIONAL,Audit/cert artifacts,git ls-files --others --exclude-standard,optional
.build/i18n-visual-matrix/auth_help-center_en_1024x768.png,untracked,OPTIONAL,Audit/cert artifacts,git ls-files --others --exclude-standard,optional
.build/i18n-visual-matrix/auth_help-center_en_1280x800.png,untracked,OPTIONAL,Audit/cert artifacts,git ls-files --others --exclude-standard,optional
.build/i18n-visual-matrix/auth_help-center_en_1440x900.png,untracked,OPTIONAL,Audit/cert artifacts,git ls-files --others --exclude-standard,optional
.build/i18n-visual-matrix/auth_help-center_en_390x844.png,untracked,OPTIONAL,Audit/cert artifacts,git ls-files --others --exclude-standard,optional
.build/i18n-visual-matrix/auth_help-center_en_768x1024.png,untracked,OPTIONAL,Audit/cert artifacts,git ls-files --others --exclude-standard,optional
.build/i18n-visual-matrix/auth_help-center_id-ID_1024x768.png,untracked,OPTIONAL,Audit/cert artifacts,git ls-files --others --exclude-standard,optional
.build/i18n-visual-matrix/auth_help-center_id-ID_1280x800.png,untracked,OPTIONAL,Audit/cert artifacts,git ls-files --others --exclude-standard,optional
.build/i18n-visual-matrix/auth_help-center_id-ID_1440x900.png,untracked,OPTIONAL,Audit/cert artifacts,git ls-files --others --exclude-standard,optional
.build/i18n-visual-matrix/auth_help-center_id-ID_390x844.png,untracked,OPTIONAL,Audit/cert artifacts,git ls-files --others --exclude-standard,optional
.build/i18n-visual-matrix/auth_help-center_id-ID_768x1024.png,untracked,OPTIONAL,Audit/cert artifacts,git ls-files --others --exclude-standard,optional
.build/i18n-visual-matrix/auth_help-center_zh-CN_1024x768.png,untracked,OPTIONAL,Audit/cert artifacts,git ls-files --others --exclude-standard,optional
.build/i18n-visual-matrix/auth_help-center_zh-CN_1280x800.png,untracked,OPTIONAL,Audit/cert artifacts,git ls-files --others --exclude-standard,optional
.build/i18n-visual-matrix/auth_help-center_zh-CN_1440x900.png,untracked,OPTIONAL,Audit/cert artifacts,git ls-files --others --exclude-standard,optional
.build/i18n-visual-matrix/auth_help-center_zh-CN_390x844.png,untracked,OPTIONAL,Audit/cert artifacts,git ls-files --others --exclude-standard,optional
.build/i18n-visual-matrix/auth_help-center_zh-CN_768x1024.png,untracked,OPTIONAL,Audit/cert artifacts,git ls-files --others --exclude-standard,optional
.build/i18n-visual-matrix/auth_p2p-create-ad_en_1024x768.png,untracked,OPTIONAL,Audit/cert artifacts,git ls-files --others --exclude-standard,optional
.build/i18n-visual-matrix/auth_p2p-create-ad_en_1280x800.png,untracked,OPTIONAL,Audit/cert artifacts,git ls-files --others --exclude-standard,optional
.build/i18n-visual-matrix/auth_p2p-create-ad_en_1440x900.png,untracked,OPTIONAL,Audit/cert artifacts,git ls-files --others --exclude-standard,optional
.build/i18n-visual-matrix/auth_p2p-create-ad_en_390x844.png,untracked,OPTIONAL,Audit/cert artifacts,git ls-files --others --exclude-standard,optional
.build/i18n-visual-matrix/auth_p2p-create-ad_en_768x1024.png,untracked,OPTIONAL,Audit/cert artifacts,git ls-files --others --exclude-standard,optional
.build/i18n-visual-matrix/auth_p2p-create-ad_id-ID_1024x768.png,untracked,OPTIONAL,Audit/cert artifacts,git ls-files --others --exclude-standard,optional
.build/i18n-visual-matrix/auth_p2p-create-ad_id-ID_1280x800.png,untracked,OPTIONAL,Audit/cert artifacts,git ls-files --others --exclude-standard,optional
.build/i18n-visual-matrix/auth_p2p-create-ad_id-ID_1440x900.png,untracked,OPTIONAL,Audit/cert artifacts,git ls-files --others --exclude-standard,optional
.build/i18n-visual-matrix/auth_p2p-create-ad_id-ID_390x844.png,untracked,OPTIONAL,Audit/cert artifacts,git ls-files --others --exclude-standard,optional
.build/i18n-visual-matrix/auth_p2p-create-ad_id-ID_768x1024.png,untracked,OPTIONAL,Audit/cert artifacts,git ls-files --others --exclude-standard,optional
.build/i18n-visual-matrix/auth_p2p-create-ad_zh-CN_1024x768.png,untracked,OPTIONAL,Audit/cert artifacts,git ls-files --others --exclude-standard,optional
.build/i18n-visual-matrix/auth_p2p-create-ad_zh-CN_1280x800.png,untracked,OPTIONAL,Audit/cert artifacts,git ls-files --others --exclude-standard,optional
.build/i18n-visual-matrix/auth_p2p-create-ad_zh-CN_1440x900.png,untracked,OPTIONAL,Audit/cert artifacts,git ls-files --others --exclude-standard,optional
.build/i18n-visual-matrix/auth_p2p-create-ad_zh-CN_390x844.png,untracked,OPTIONAL,Audit/cert artifacts,git ls-files --others --exclude-standard,optional
.build/i18n-visual-matrix/auth_p2p-create-ad_zh-CN_768x1024.png,untracked,OPTIONAL,Audit/cert artifacts,git ls-files --others --exclude-standard,optional
.build/i18n-visual-matrix/auth_p2p-my-ads_en_1024x768.png,untracked,OPTIONAL,Audit/cert artifacts,git ls-files --others --exclude-standard,optional
.build/i18n-visual-matrix/auth_p2p-my-ads_en_1280x800.png,untracked,OPTIONAL,Audit/cert artifacts,git ls-files --others --exclude-standard,optional
.build/i18n-visual-matrix/auth_p2p-my-ads_en_1440x900.png,untracked,OPTIONAL,Audit/cert artifacts,git ls-files --others --exclude-standard,optional
.build/i18n-visual-matrix/auth_p2p-my-ads_en_390x844.png,untracked,OPTIONAL,Audit/cert artifacts,git ls-files --others --exclude-standard,optional
.build/i18n-visual-matrix/auth_p2p-my-ads_en_768x1024.png,untracked,OPTIONAL,Audit/cert artifacts,git ls-files --others --exclude-standard,optional
.build/i18n-visual-matrix/auth_p2p-my-ads_id-ID_1024x768.png,untracked,OPTIONAL,Audit/cert artifacts,git ls-files --others --exclude-standard,optional
.build/i18n-visual-matrix/auth_p2p-my-ads_id-ID_1280x800.png,untracked,OPTIONAL,Audit/cert artifacts,git ls-files --others --exclude-standard,optional
.build/i18n-visual-matrix/auth_p2p-my-ads_id-ID_1440x900.png,untracked,OPTIONAL,Audit/cert artifacts,git ls-files --others --exclude-standard,optional
.build/i18n-visual-matrix/auth_p2p-my-ads_id-ID_390x844.png,untracked,OPTIONAL,Audit/cert artifacts,git ls-files --others --exclude-standard,optional
.build/i18n-visual-matrix/auth_p2p-my-ads_id-ID_768x1024.png,untracked,OPTIONAL,Audit/cert artifacts,git ls-files --others --exclude-standard,optional
.build/i18n-visual-matrix/auth_p2p-my-ads_zh-CN_1024x768.png,untracked,OPTIONAL,Audit/cert artifacts,git ls-files --others --exclude-standard,optional
.build/i18n-visual-matrix/auth_p2p-my-ads_zh-CN_1280x800.png,untracked,OPTIONAL,Audit/cert artifacts,git ls-files --others --exclude-standard,optional
.build/i18n-visual-matrix/auth_p2p-my-ads_zh-CN_1440x900.png,untracked,OPTIONAL,Audit/cert artifacts,git ls-files --others --exclude-standard,optional
.build/i18n-visual-matrix/auth_p2p-my-ads_zh-CN_390x844.png,untracked,OPTIONAL,Audit/cert artifacts,git ls-files --others --exclude-standard,optional
.build/i18n-visual-matrix/auth_p2p-my-ads_zh-CN_768x1024.png,untracked,OPTIONAL,Audit/cert artifacts,git ls-files --others --exclude-standard,optional
.build/i18n-visual-matrix/auth_p2p-orders_en_1024x768.png,untracked,OPTIONAL,Audit/cert artifacts,git ls-files --others --exclude-standard,optional
.build/i18n-visual-matrix/auth_p2p-orders_en_1280x800.png,untracked,OPTIONAL,Audit/cert artifacts,git ls-files --others --exclude-standard,optional
.build/i18n-visual-matrix/auth_p2p-orders_en_1440x900.png,untracked,OPTIONAL,Audit/cert artifacts,git ls-files --others --exclude-standard,optional
.build/i18n-visual-matrix/auth_p2p-orders_en_390x844.png,untracked,OPTIONAL,Audit/cert artifacts,git ls-files --others --exclude-standard,optional
.build/i18n-visual-matrix/auth_p2p-orders_en_768x1024.png,untracked,OPTIONAL,Audit/cert artifacts,git ls-files --others --exclude-standard,optional
.build/i18n-visual-matrix/auth_p2p-orders_id-ID_1024x768.png,untracked,OPTIONAL,Audit/cert artifacts,git ls-files --others --exclude-standard,optional
.build/i18n-visual-matrix/auth_p2p-orders_id-ID_1280x800.png,untracked,OPTIONAL,Audit/cert artifacts,git ls-files --others --exclude-standard,optional
.build/i18n-visual-matrix/auth_p2p-orders_id-ID_1440x900.png,untracked,OPTIONAL,Audit/cert artifacts,git ls-files --others --exclude-standard,optional
.build/i18n-visual-matrix/auth_p2p-orders_id-ID_390x844.png,untracked,OPTIONAL,Audit/cert artifacts,git ls-files --others --exclude-standard,optional
.build/i18n-visual-matrix/auth_p2p-orders_id-ID_768x1024.png,untracked,OPTIONAL,Audit/cert artifacts,git ls-files --others --exclude-standard,optional
.build/i18n-visual-matrix/auth_p2p-orders_zh-CN_1024x768.png,untracked,OPTIONAL,Audit/cert artifacts,git ls-files --others --exclude-standard,optional
.build/i18n-visual-matrix/auth_p2p-orders_zh-CN_1280x800.png,untracked,OPTIONAL,Audit/cert artifacts,git ls-files --others --exclude-standard,optional
.build/i18n-visual-matrix/auth_p2p-orders_zh-CN_1440x900.png,untracked,OPTIONAL,Audit/cert artifacts,git ls-files --others --exclude-standard,optional
.build/i18n-visual-matrix/auth_p2p-orders_zh-CN_390x844.png,untracked,OPTIONAL,Audit/cert artifacts,git ls-files --others --exclude-standard,optional
.build/i18n-visual-matrix/auth_p2p-orders_zh-CN_768x1024.png,untracked,OPTIONAL,Audit/cert artifacts,git ls-files --others --exclude-standard,optional
.build/i18n-visual-matrix/auth_p2p-payment-methods_en_1024x768.png,untracked,OPTIONAL,Audit/cert artifacts,git ls-files --others --exclude-standard,optional
.build/i18n-visual-matrix/auth_p2p-payment-methods_en_1280x800.png,untracked,OPTIONAL,Audit/cert artifacts,git ls-files --others --exclude-standard,optional
.build/i18n-visual-matrix/auth_p2p-payment-methods_en_1440x900.png,untracked,OPTIONAL,Audit/cert artifacts,git ls-files --others --exclude-standard,optional
.build/i18n-visual-matrix/auth_p2p-payment-methods_en_390x844.png,untracked,OPTIONAL,Audit/cert artifacts,git ls-files --others --exclude-standard,optional
.build/i18n-visual-matrix/auth_p2p-payment-methods_en_768x1024.png,untracked,OPTIONAL,Audit/cert artifacts,git ls-files --others --exclude-standard,optional
.build/i18n-visual-matrix/auth_p2p-payment-methods_id-ID_1024x768.png,untracked,OPTIONAL,Audit/cert artifacts,git ls-files --others --exclude-standard,optional
.build/i18n-visual-matrix/auth_p2p-payment-methods_id-ID_1280x800.png,untracked,OPTIONAL,Audit/cert artifacts,git ls-files --others --exclude-standard,optional
.build/i18n-visual-matrix/auth_p2p-payment-methods_id-ID_1440x900.png,untracked,OPTIONAL,Audit/cert artifacts,git ls-files --others --exclude-standard,optional
.build/i18n-visual-matrix/auth_p2p-payment-methods_id-ID_390x844.png,untracked,OPTIONAL,Audit/cert artifacts,git ls-files --others --exclude-standard,optional
.build/i18n-visual-matrix/auth_p2p-payment-methods_id-ID_768x1024.png,untracked,OPTIONAL,Audit/cert artifacts,git ls-files --others --exclude-standard,optional
.build/i18n-visual-matrix/auth_p2p-payment-methods_zh-CN_1024x768.png,untracked,OPTIONAL,Audit/cert artifacts,git ls-files --others --exclude-standard,optional
.build/i18n-visual-matrix/auth_p2p-payment-methods_zh-CN_1280x800.png,untracked,OPTIONAL,Audit/cert artifacts,git ls-files --others --exclude-standard,optional
.build/i18n-visual-matrix/auth_p2p-payment-methods_zh-CN_1440x900.png,untracked,OPTIONAL,Audit/cert artifacts,git ls-files --others --exclude-standard,optional
.build/i18n-visual-matrix/auth_p2p-payment-methods_zh-CN_390x844.png,untracked,OPTIONAL,Audit/cert artifacts,git ls-files --others --exclude-standard,optional
.build/i18n-visual-matrix/auth_p2p-payment-methods_zh-CN_768x1024.png,untracked,OPTIONAL,Audit/cert artifacts,git ls-files --others --exclude-standard,optional
.build/i18n-visual-matrix/auth_preferences_en_1024x768.png,untracked,OPTIONAL,Audit/cert artifacts,git ls-files --others --exclude-standard,optional
.build/i18n-visual-matrix/auth_preferences_en_1280x800.png,untracked,OPTIONAL,Audit/cert artifacts,git ls-files --others --exclude-standard,optional
.build/i18n-visual-matrix/auth_preferences_en_1440x900.png,untracked,OPTIONAL,Audit/cert artifacts,git ls-files --others --exclude-standard,optional
.build/i18n-visual-matrix/auth_preferences_en_390x844.png,untracked,OPTIONAL,Audit/cert artifacts,git ls-files --others --exclude-standard,optional
.build/i18n-visual-matrix/auth_preferences_en_768x1024.png,untracked,OPTIONAL,Audit/cert artifacts,git ls-files --others --exclude-standard,optional
.build/i18n-visual-matrix/auth_preferences_id-ID_1024x768.png,untracked,OPTIONAL,Audit/cert artifacts,git ls-files --others --exclude-standard,optional
.build/i18n-visual-matrix/auth_preferences_id-ID_1280x800.png,untracked,OPTIONAL,Audit/cert artifacts,git ls-files --others --exclude-standard,optional
.build/i18n-visual-matrix/auth_preferences_id-ID_1440x900.png,untracked,OPTIONAL,Audit/cert artifacts,git ls-files --others --exclude-standard,optional
.build/i18n-visual-matrix/auth_preferences_id-ID_390x844.png,untracked,OPTIONAL,Audit/cert artifacts,git ls-files --others --exclude-standard,optional
.build/i18n-visual-matrix/auth_preferences_id-ID_768x1024.png,untracked,OPTIONAL,Audit/cert artifacts,git ls-files --others --exclude-standard,optional
.build/i18n-visual-matrix/auth_preferences_zh-CN_1024x768.png,untracked,OPTIONAL,Audit/cert artifacts,git ls-files --others --exclude-standard,optional
.build/i18n-visual-matrix/auth_preferences_zh-CN_1280x800.png,untracked,OPTIONAL,Audit/cert artifacts,git ls-files --others --exclude-standard,optional
.build/i18n-visual-matrix/auth_preferences_zh-CN_1440x900.png,untracked,OPTIONAL,Audit/cert artifacts,git ls-files --others --exclude-standard,optional
.build/i18n-visual-matrix/auth_preferences_zh-CN_390x844.png,untracked,OPTIONAL,Audit/cert artifacts,git ls-files --others --exclude-standard,optional
.build/i18n-visual-matrix/auth_preferences_zh-CN_768x1024.png,untracked,OPTIONAL,Audit/cert artifacts,git ls-files --others --exclude-standard,optional
.build/i18n-visual-matrix/auth_security_en_1024x768.png,untracked,OPTIONAL,Audit/cert artifacts,git ls-files --others --exclude-standard,optional
.build/i18n-visual-matrix/auth_security_en_1280x800.png,untracked,OPTIONAL,Audit/cert artifacts,git ls-files --others --exclude-standard,optional
.build/i18n-visual-matrix/auth_security_en_1440x900.png,untracked,OPTIONAL,Audit/cert artifacts,git ls-files --others --exclude-standard,optional
.build/i18n-visual-matrix/auth_security_en_390x844.png,untracked,OPTIONAL,Audit/cert artifacts,git ls-files --others --exclude-standard,optional
.build/i18n-visual-matrix/auth_security_en_768x1024.png,untracked,OPTIONAL,Audit/cert artifacts,git ls-files --others --exclude-standard,optional
.build/i18n-visual-matrix/auth_security_id-ID_1024x768.png,untracked,OPTIONAL,Audit/cert artifacts,git ls-files --others --exclude-standard,optional
.build/i18n-visual-matrix/auth_security_id-ID_1280x800.png,untracked,OPTIONAL,Audit/cert artifacts,git ls-files --others --exclude-standard,optional
.build/i18n-visual-matrix/auth_security_id-ID_1440x900.png,untracked,OPTIONAL,Audit/cert artifacts,git ls-files --others --exclude-standard,optional
.build/i18n-visual-matrix/auth_security_id-ID_390x844.png,untracked,OPTIONAL,Audit/cert artifacts,git ls-files --others --exclude-standard,optional
.build/i18n-visual-matrix/auth_security_id-ID_768x1024.png,untracked,OPTIONAL,Audit/cert artifacts,git ls-files --others --exclude-standard,optional
.build/i18n-visual-matrix/auth_security_zh-CN_1024x768.png,untracked,OPTIONAL,Audit/cert artifacts,git ls-files --others --exclude-standard,optional
.build/i18n-visual-matrix/auth_security_zh-CN_1280x800.png,untracked,OPTIONAL,Audit/cert artifacts,git ls-files --others --exclude-standard,optional
.build/i18n-visual-matrix/auth_security_zh-CN_1440x900.png,untracked,OPTIONAL,Audit/cert artifacts,git ls-files --others --exclude-standard,optional
.build/i18n-visual-matrix/auth_security_zh-CN_390x844.png,untracked,OPTIONAL,Audit/cert artifacts,git ls-files --others --exclude-standard,optional
.build/i18n-visual-matrix/auth_security_zh-CN_768x1024.png,untracked,OPTIONAL,Audit/cert artifacts,git ls-files --others --exclude-standard,optional
.build/i18n-visual-matrix/auth_wallet-deposit_en_1024x768.png,untracked,OPTIONAL,Audit/cert artifacts,git ls-files --others --exclude-standard,optional
.build/i18n-visual-matrix/auth_wallet-deposit_en_1280x800.png,untracked,OPTIONAL,Audit/cert artifacts,git ls-files --others --exclude-standard,optional
.build/i18n-visual-matrix/auth_wallet-deposit_en_1440x900.png,untracked,OPTIONAL,Audit/cert artifacts,git ls-files --others --exclude-standard,optional
.build/i18n-visual-matrix/auth_wallet-deposit_en_390x844.png,untracked,OPTIONAL,Audit/cert artifacts,git ls-files --others --exclude-standard,optional
.build/i18n-visual-matrix/auth_wallet-deposit_en_768x1024.png,untracked,OPTIONAL,Audit/cert artifacts,git ls-files --others --exclude-standard,optional
.build/i18n-visual-matrix/auth_wallet-deposit_id-ID_1024x768.png,untracked,OPTIONAL,Audit/cert artifacts,git ls-files --others --exclude-standard,optional
.build/i18n-visual-matrix/auth_wallet-deposit_id-ID_1280x800.png,untracked,OPTIONAL,Audit/cert artifacts,git ls-files --others --exclude-standard,optional
.build/i18n-visual-matrix/auth_wallet-deposit_id-ID_1440x900.png,untracked,OPTIONAL,Audit/cert artifacts,git ls-files --others --exclude-standard,optional
.build/i18n-visual-matrix/auth_wallet-deposit_id-ID_390x844.png,untracked,OPTIONAL,Audit/cert artifacts,git ls-files --others --exclude-standard,optional
.build/i18n-visual-matrix/auth_wallet-deposit_id-ID_768x1024.png,untracked,OPTIONAL,Audit/cert artifacts,git ls-files --others --exclude-standard,optional
.build/i18n-visual-matrix/auth_wallet-deposit_zh-CN_1024x768.png,untracked,OPTIONAL,Audit/cert artifacts,git ls-files --others --exclude-standard,optional
.build/i18n-visual-matrix/auth_wallet-deposit_zh-CN_1280x800.png,untracked,OPTIONAL,Audit/cert artifacts,git ls-files --others --exclude-standard,optional
.build/i18n-visual-matrix/auth_wallet-deposit_zh-CN_1440x900.png,untracked,OPTIONAL,Audit/cert artifacts,git ls-files --others --exclude-standard,optional
.build/i18n-visual-matrix/auth_wallet-deposit_zh-CN_390x844.png,untracked,OPTIONAL,Audit/cert artifacts,git ls-files --others --exclude-standard,optional
.build/i18n-visual-matrix/auth_wallet-deposit_zh-CN_768x1024.png,untracked,OPTIONAL,Audit/cert artifacts,git ls-files --others --exclude-standard,optional
.build/i18n-visual-matrix/auth_wallet-history_en_1024x768.png,untracked,OPTIONAL,Audit/cert artifacts,git ls-files --others --exclude-standard,optional
.build/i18n-visual-matrix/auth_wallet-history_en_1280x800.png,untracked,OPTIONAL,Audit/cert artifacts,git ls-files --others --exclude-standard,optional
.build/i18n-visual-matrix/auth_wallet-history_en_1440x900.png,untracked,OPTIONAL,Audit/cert artifacts,git ls-files --others --exclude-standard,optional
.build/i18n-visual-matrix/auth_wallet-history_en_390x844.png,untracked,OPTIONAL,Audit/cert artifacts,git ls-files --others --exclude-standard,optional
.build/i18n-visual-matrix/auth_wallet-history_en_768x1024.png,untracked,OPTIONAL,Audit/cert artifacts,git ls-files --others --exclude-standard,optional
.build/i18n-visual-matrix/auth_wallet-history_id-ID_1024x768.png,untracked,OPTIONAL,Audit/cert artifacts,git ls-files --others --exclude-standard,optional
.build/i18n-visual-matrix/auth_wallet-history_id-ID_1280x800.png,untracked,OPTIONAL,Audit/cert artifacts,git ls-files --others --exclude-standard,optional
.build/i18n-visual-matrix/auth_wallet-history_id-ID_1440x900.png,untracked,OPTIONAL,Audit/cert artifacts,git ls-files --others --exclude-standard,optional
.build/i18n-visual-matrix/auth_wallet-history_id-ID_390x844.png,untracked,OPTIONAL,Audit/cert artifacts,git ls-files --others --exclude-standard,optional
.build/i18n-visual-matrix/auth_wallet-history_id-ID_768x1024.png,untracked,OPTIONAL,Audit/cert artifacts,git ls-files --others --exclude-standard,optional
.build/i18n-visual-matrix/auth_wallet-history_zh-CN_1024x768.png,untracked,OPTIONAL,Audit/cert artifacts,git ls-files --others --exclude-standard,optional
.build/i18n-visual-matrix/auth_wallet-history_zh-CN_1280x800.png,untracked,OPTIONAL,Audit/cert artifacts,git ls-files --others --exclude-standard,optional
.build/i18n-visual-matrix/auth_wallet-history_zh-CN_1440x900.png,untracked,OPTIONAL,Audit/cert artifacts,git ls-files --others --exclude-standard,optional
.build/i18n-visual-matrix/auth_wallet-history_zh-CN_390x844.png,untracked,OPTIONAL,Audit/cert artifacts,git ls-files --others --exclude-standard,optional
.build/i18n-visual-matrix/auth_wallet-history_zh-CN_768x1024.png,untracked,OPTIONAL,Audit/cert artifacts,git ls-files --others --exclude-standard,optional
.build/i18n-visual-matrix/auth_wallet-overview_en_1024x768.png,untracked,OPTIONAL,Audit/cert artifacts,git ls-files --others --exclude-standard,optional
.build/i18n-visual-matrix/auth_wallet-overview_en_1280x800.png,untracked,OPTIONAL,Audit/cert artifacts,git ls-files --others --exclude-standard,optional
.build/i18n-visual-matrix/auth_wallet-overview_en_1440x900.png,untracked,OPTIONAL,Audit/cert artifacts,git ls-files --others --exclude-standard,optional
.build/i18n-visual-matrix/auth_wallet-overview_en_390x844.png,untracked,OPTIONAL,Audit/cert artifacts,git ls-files --others --exclude-standard,optional
.build/i18n-visual-matrix/auth_wallet-overview_en_768x1024.png,untracked,OPTIONAL,Audit/cert artifacts,git ls-files --others --exclude-standard,optional
.build/i18n-visual-matrix/auth_wallet-overview_id-ID_1024x768.png,untracked,OPTIONAL,Audit/cert artifacts,git ls-files --others --exclude-standard,optional
.build/i18n-visual-matrix/auth_wallet-overview_id-ID_1280x800.png,untracked,OPTIONAL,Audit/cert artifacts,git ls-files --others --exclude-standard,optional
.build/i18n-visual-matrix/auth_wallet-overview_id-ID_1440x900.png,untracked,OPTIONAL,Audit/cert artifacts,git ls-files --others --exclude-standard,optional
.build/i18n-visual-matrix/auth_wallet-overview_id-ID_390x844.png,untracked,OPTIONAL,Audit/cert artifacts,git ls-files --others --exclude-standard,optional
.build/i18n-visual-matrix/auth_wallet-overview_id-ID_768x1024.png,untracked,OPTIONAL,Audit/cert artifacts,git ls-files --others --exclude-standard,optional
.build/i18n-visual-matrix/auth_wallet-overview_zh-CN_1024x768.png,untracked,OPTIONAL,Audit/cert artifacts,git ls-files --others --exclude-standard,optional
.build/i18n-visual-matrix/auth_wallet-overview_zh-CN_1280x800.png,untracked,OPTIONAL,Audit/cert artifacts,git ls-files --others --exclude-standard,optional
.build/i18n-visual-matrix/auth_wallet-overview_zh-CN_1440x900.png,untracked,OPTIONAL,Audit/cert artifacts,git ls-files --others --exclude-standard,optional
.build/i18n-visual-matrix/auth_wallet-overview_zh-CN_390x844.png,untracked,OPTIONAL,Audit/cert artifacts,git ls-files --others --exclude-standard,optional
.build/i18n-visual-matrix/auth_wallet-overview_zh-CN_768x1024.png,untracked,OPTIONAL,Audit/cert artifacts,git ls-files --others --exclude-standard,optional
.build/i18n-visual-matrix/auth_wallet-withdraw-crypto_en_1024x768.png,untracked,OPTIONAL,Audit/cert artifacts,git ls-files --others --exclude-standard,optional
.build/i18n-visual-matrix/auth_wallet-withdraw-crypto_en_1280x800.png,untracked,OPTIONAL,Audit/cert artifacts,git ls-files --others --exclude-standard,optional
.build/i18n-visual-matrix/auth_wallet-withdraw-crypto_en_1440x900.png,untracked,OPTIONAL,Audit/cert artifacts,git ls-files --others --exclude-standard,optional
.build/i18n-visual-matrix/auth_wallet-withdraw-crypto_en_390x844.png,untracked,OPTIONAL,Audit/cert artifacts,git ls-files --others --exclude-standard,optional
.build/i18n-visual-matrix/auth_wallet-withdraw-crypto_en_768x1024.png,untracked,OPTIONAL,Audit/cert artifacts,git ls-files --others --exclude-standard,optional
.build/i18n-visual-matrix/auth_wallet-withdraw-crypto_id-ID_1024x768.png,untracked,OPTIONAL,Audit/cert artifacts,git ls-files --others --exclude-standard,optional
.build/i18n-visual-matrix/auth_wallet-withdraw-crypto_id-ID_1280x800.png,untracked,OPTIONAL,Audit/cert artifacts,git ls-files --others --exclude-standard,optional
.build/i18n-visual-matrix/auth_wallet-withdraw-crypto_id-ID_1440x900.png,untracked,OPTIONAL,Audit/cert artifacts,git ls-files --others --exclude-standard,optional
.build/i18n-visual-matrix/auth_wallet-withdraw-crypto_id-ID_390x844.png,untracked,OPTIONAL,Audit/cert artifacts,git ls-files --others --exclude-standard,optional
.build/i18n-visual-matrix/auth_wallet-withdraw-crypto_id-ID_768x1024.png,untracked,OPTIONAL,Audit/cert artifacts,git ls-files --others --exclude-standard,optional
.build/i18n-visual-matrix/auth_wallet-withdraw-crypto_zh-CN_1024x768.png,untracked,OPTIONAL,Audit/cert artifacts,git ls-files --others --exclude-standard,optional
.build/i18n-visual-matrix/auth_wallet-withdraw-crypto_zh-CN_1280x800.png,untracked,OPTIONAL,Audit/cert artifacts,git ls-files --others --exclude-standard,optional
.build/i18n-visual-matrix/auth_wallet-withdraw-crypto_zh-CN_1440x900.png,untracked,OPTIONAL,Audit/cert artifacts,git ls-files --others --exclude-standard,optional
.build/i18n-visual-matrix/auth_wallet-withdraw-crypto_zh-CN_390x844.png,untracked,OPTIONAL,Audit/cert artifacts,git ls-files --others --exclude-standard,optional
.build/i18n-visual-matrix/auth_wallet-withdraw-crypto_zh-CN_768x1024.png,untracked,OPTIONAL,Audit/cert artifacts,git ls-files --others --exclude-standard,optional
.build/i18n-visual-matrix/auth_wallet-withdraw-fiat_en_1024x768.png,untracked,OPTIONAL,Audit/cert artifacts,git ls-files --others --exclude-standard,optional
.build/i18n-visual-matrix/auth_wallet-withdraw-fiat_en_1280x800.png,untracked,OPTIONAL,Audit/cert artifacts,git ls-files --others --exclude-standard,optional
.build/i18n-visual-matrix/auth_wallet-withdraw-fiat_en_1440x900.png,untracked,OPTIONAL,Audit/cert artifacts,git ls-files --others --exclude-standard,optional
.build/i18n-visual-matrix/auth_wallet-withdraw-fiat_en_390x844.png,untracked,OPTIONAL,Audit/cert artifacts,git ls-files --others --exclude-standard,optional
.build/i18n-visual-matrix/auth_wallet-withdraw-fiat_en_768x1024.png,untracked,OPTIONAL,Audit/cert artifacts,git ls-files --others --exclude-standard,optional
.build/i18n-visual-matrix/auth_wallet-withdraw-fiat_id-ID_1024x768.png,untracked,OPTIONAL,Audit/cert artifacts,git ls-files --others --exclude-standard,optional
.build/i18n-visual-matrix/auth_wallet-withdraw-fiat_id-ID_1280x800.png,untracked,OPTIONAL,Audit/cert artifacts,git ls-files --others --exclude-standard,optional
.build/i18n-visual-matrix/auth_wallet-withdraw-fiat_id-ID_1440x900.png,untracked,OPTIONAL,Audit/cert artifacts,git ls-files --others --exclude-standard,optional
.build/i18n-visual-matrix/auth_wallet-withdraw-fiat_id-ID_390x844.png,untracked,OPTIONAL,Audit/cert artifacts,git ls-files --others --exclude-standard,optional
.build/i18n-visual-matrix/auth_wallet-withdraw-fiat_id-ID_768x1024.png,untracked,OPTIONAL,Audit/cert artifacts,git ls-files --others --exclude-standard,optional
.build/i18n-visual-matrix/auth_wallet-withdraw-fiat_zh-CN_1024x768.png,untracked,OPTIONAL,Audit/cert artifacts,git ls-files --others --exclude-standard,optional
.build/i18n-visual-matrix/auth_wallet-withdraw-fiat_zh-CN_1280x800.png,untracked,OPTIONAL,Audit/cert artifacts,git ls-files --others --exclude-standard,optional
.build/i18n-visual-matrix/auth_wallet-withdraw-fiat_zh-CN_1440x900.png,untracked,OPTIONAL,Audit/cert artifacts,git ls-files --others --exclude-standard,optional
.build/i18n-visual-matrix/auth_wallet-withdraw-fiat_zh-CN_390x844.png,untracked,OPTIONAL,Audit/cert artifacts,git ls-files --others --exclude-standard,optional
.build/i18n-visual-matrix/auth_wallet-withdraw-fiat_zh-CN_768x1024.png,untracked,OPTIONAL,Audit/cert artifacts,git ls-files --others --exclude-standard,optional
.build/i18n-visual-matrix/forex-home_en_1024x768.png,untracked,OPTIONAL,Audit/cert artifacts,git ls-files --others --exclude-standard,optional
.build/i18n-visual-matrix/forex-home_en_1280x800.png,untracked,OPTIONAL,Audit/cert artifacts,git ls-files --others --exclude-standard,optional
.build/i18n-visual-matrix/forex-home_en_1440x900.png,untracked,OPTIONAL,Audit/cert artifacts,git ls-files --others --exclude-standard,optional
.build/i18n-visual-matrix/forex-home_en_390x844.png,untracked,OPTIONAL,Audit/cert artifacts,git ls-files --others --exclude-standard,optional
.build/i18n-visual-matrix/forex-home_en_768x1024.png,untracked,OPTIONAL,Audit/cert artifacts,git ls-files --others --exclude-standard,optional
.build/i18n-visual-matrix/forex-home_id-ID_1024x768.png,untracked,OPTIONAL,Audit/cert artifacts,git ls-files --others --exclude-standard,optional
.build/i18n-visual-matrix/forex-home_id-ID_1280x800.png,untracked,OPTIONAL,Audit/cert artifacts,git ls-files --others --exclude-standard,optional
.build/i18n-visual-matrix/forex-home_id-ID_1440x900.png,untracked,OPTIONAL,Audit/cert artifacts,git ls-files --others --exclude-standard,optional
.build/i18n-visual-matrix/forex-home_id-ID_390x844.png,untracked,OPTIONAL,Audit/cert artifacts,git ls-files --others --exclude-standard,optional
.build/i18n-visual-matrix/forex-home_id-ID_768x1024.png,untracked,OPTIONAL,Audit/cert artifacts,git ls-files --others --exclude-standard,optional
.build/i18n-visual-matrix/forex-home_zh-CN_1024x768.png,untracked,OPTIONAL,Audit/cert artifacts,git ls-files --others --exclude-standard,optional
.build/i18n-visual-matrix/forex-home_zh-CN_1280x800.png,untracked,OPTIONAL,Audit/cert artifacts,git ls-files --others --exclude-standard,optional
.build/i18n-visual-matrix/forex-home_zh-CN_1440x900.png,untracked,OPTIONAL,Audit/cert artifacts,git ls-files --others --exclude-standard,optional
.build/i18n-visual-matrix/forex-home_zh-CN_390x844.png,untracked,OPTIONAL,Audit/cert artifacts,git ls-files --others --exclude-standard,optional
.build/i18n-visual-matrix/forex-home_zh-CN_768x1024.png,untracked,OPTIONAL,Audit/cert artifacts,git ls-files --others --exclude-standard,optional
.build/i18n-visual-matrix/forex-markets_en_1024x768.png,untracked,OPTIONAL,Audit/cert artifacts,git ls-files --others --exclude-standard,optional
.build/i18n-visual-matrix/forex-markets_en_1280x800.png,untracked,OPTIONAL,Audit/cert artifacts,git ls-files --others --exclude-standard,optional
.build/i18n-visual-matrix/forex-markets_en_1440x900.png,untracked,OPTIONAL,Audit/cert artifacts,git ls-files --others --exclude-standard,optional
.build/i18n-visual-matrix/forex-markets_en_390x844.png,untracked,OPTIONAL,Audit/cert artifacts,git ls-files --others --exclude-standard,optional
.build/i18n-visual-matrix/forex-markets_en_768x1024.png,untracked,OPTIONAL,Audit/cert artifacts,git ls-files --others --exclude-standard,optional
.build/i18n-visual-matrix/forex-markets_id-ID_1024x768.png,untracked,OPTIONAL,Audit/cert artifacts,git ls-files --others --exclude-standard,optional
.build/i18n-visual-matrix/forex-markets_id-ID_1280x800.png,untracked,OPTIONAL,Audit/cert artifacts,git ls-files --others --exclude-standard,optional
.build/i18n-visual-matrix/forex-markets_id-ID_1440x900.png,untracked,OPTIONAL,Audit/cert artifacts,git ls-files --others --exclude-standard,optional
.build/i18n-visual-matrix/forex-markets_id-ID_390x844.png,untracked,OPTIONAL,Audit/cert artifacts,git ls-files --others --exclude-standard,optional
.build/i18n-visual-matrix/forex-markets_id-ID_768x1024.png,untracked,OPTIONAL,Audit/cert artifacts,git ls-files --others --exclude-standard,optional
.build/i18n-visual-matrix/forex-markets_zh-CN_1024x768.png,untracked,OPTIONAL,Audit/cert artifacts,git ls-files --others --exclude-standard,optional
.build/i18n-visual-matrix/forex-markets_zh-CN_1280x800.png,untracked,OPTIONAL,Audit/cert artifacts,git ls-files --others --exclude-standard,optional
.build/i18n-visual-matrix/forex-markets_zh-CN_1440x900.png,untracked,OPTIONAL,Audit/cert artifacts,git ls-files --others --exclude-standard,optional
.build/i18n-visual-matrix/forex-markets_zh-CN_390x844.png,untracked,OPTIONAL,Audit/cert artifacts,git ls-files --others --exclude-standard,optional
.build/i18n-visual-matrix/forex-markets_zh-CN_768x1024.png,untracked,OPTIONAL,Audit/cert artifacts,git ls-files --others --exclude-standard,optional
.build/i18n-visual-matrix/forex-trade_en_1024x768.png,untracked,OPTIONAL,Audit/cert artifacts,git ls-files --others --exclude-standard,optional
.build/i18n-visual-matrix/forex-trade_en_1280x800.png,untracked,OPTIONAL,Audit/cert artifacts,git ls-files --others --exclude-standard,optional
.build/i18n-visual-matrix/forex-trade_en_1440x900.png,untracked,OPTIONAL,Audit/cert artifacts,git ls-files --others --exclude-standard,optional
.build/i18n-visual-matrix/forex-trade_en_390x844.png,untracked,OPTIONAL,Audit/cert artifacts,git ls-files --others --exclude-standard,optional
.build/i18n-visual-matrix/forex-trade_en_768x1024.png,untracked,OPTIONAL,Audit/cert artifacts,git ls-files --others --exclude-standard,optional
.build/i18n-visual-matrix/forex-trade_id-ID_1024x768.png,untracked,OPTIONAL,Audit/cert artifacts,git ls-files --others --exclude-standard,optional
.build/i18n-visual-matrix/forex-trade_id-ID_1280x800.png,untracked,OPTIONAL,Audit/cert artifacts,git ls-files --others --exclude-standard,optional
.build/i18n-visual-matrix/forex-trade_id-ID_1440x900.png,untracked,OPTIONAL,Audit/cert artifacts,git ls-files --others --exclude-standard,optional
.build/i18n-visual-matrix/forex-trade_id-ID_390x844.png,untracked,OPTIONAL,Audit/cert artifacts,git ls-files --others --exclude-standard,optional
.build/i18n-visual-matrix/forex-trade_id-ID_768x1024.png,untracked,OPTIONAL,Audit/cert artifacts,git ls-files --others --exclude-standard,optional
.build/i18n-visual-matrix/forex-trade_zh-CN_1024x768.png,untracked,OPTIONAL,Audit/cert artifacts,git ls-files --others --exclude-standard,optional
.build/i18n-visual-matrix/forex-trade_zh-CN_1280x800.png,untracked,OPTIONAL,Audit/cert artifacts,git ls-files --others --exclude-standard,optional
.build/i18n-visual-matrix/forex-trade_zh-CN_1440x900.png,untracked,OPTIONAL,Audit/cert artifacts,git ls-files --others --exclude-standard,optional
.build/i18n-visual-matrix/forex-trade_zh-CN_390x844.png,untracked,OPTIONAL,Audit/cert artifacts,git ls-files --others --exclude-standard,optional
.build/i18n-visual-matrix/forex-trade_zh-CN_768x1024.png,untracked,OPTIONAL,Audit/cert artifacts,git ls-files --others --exclude-standard,optional
.build/i18n-visual-matrix/login_en_1024x768.png,untracked,OPTIONAL,Audit/cert artifacts,git ls-files --others --exclude-standard,optional
.build/i18n-visual-matrix/login_en_1280x800.png,untracked,OPTIONAL,Audit/cert artifacts,git ls-files --others --exclude-standard,optional
.build/i18n-visual-matrix/login_en_1440x900.png,untracked,OPTIONAL,Audit/cert artifacts,git ls-files --others --exclude-standard,optional
.build/i18n-visual-matrix/login_en_390x844.png,untracked,OPTIONAL,Audit/cert artifacts,git ls-files --others --exclude-standard,optional
.build/i18n-visual-matrix/login_en_768x1024.png,untracked,OPTIONAL,Audit/cert artifacts,git ls-files --others --exclude-standard,optional
.build/i18n-visual-matrix/login_id-ID_1024x768.png,untracked,OPTIONAL,Audit/cert artifacts,git ls-files --others --exclude-standard,optional
.build/i18n-visual-matrix/login_id-ID_1280x800.png,untracked,OPTIONAL,Audit/cert artifacts,git ls-files --others --exclude-standard,optional
.build/i18n-visual-matrix/login_id-ID_1440x900.png,untracked,OPTIONAL,Audit/cert artifacts,git ls-files --others --exclude-standard,optional
.build/i18n-visual-matrix/login_id-ID_390x844.png,untracked,OPTIONAL,Audit/cert artifacts,git ls-files --others --exclude-standard,optional
.build/i18n-visual-matrix/login_id-ID_768x1024.png,untracked,OPTIONAL,Audit/cert artifacts,git ls-files --others --exclude-standard,optional
.build/i18n-visual-matrix/login_zh-CN_1024x768.png,untracked,OPTIONAL,Audit/cert artifacts,git ls-files --others --exclude-standard,optional
.build/i18n-visual-matrix/login_zh-CN_1280x800.png,untracked,OPTIONAL,Audit/cert artifacts,git ls-files --others --exclude-standard,optional
.build/i18n-visual-matrix/login_zh-CN_1440x900.png,untracked,OPTIONAL,Audit/cert artifacts,git ls-files --others --exclude-standard,optional
.build/i18n-visual-matrix/login_zh-CN_390x844.png,untracked,OPTIONAL,Audit/cert artifacts,git ls-files --others --exclude-standard,optional
.build/i18n-visual-matrix/login_zh-CN_768x1024.png,untracked,OPTIONAL,Audit/cert artifacts,git ls-files --others --exclude-standard,optional
.build/i18n-visual-matrix/p2p-marketplace_en_1024x768.png,untracked,OPTIONAL,Audit/cert artifacts,git ls-files --others --exclude-standard,optional
.build/i18n-visual-matrix/p2p-marketplace_en_1280x800.png,untracked,OPTIONAL,Audit/cert artifacts,git ls-files --others --exclude-standard,optional
.build/i18n-visual-matrix/p2p-marketplace_en_1440x900.png,untracked,OPTIONAL,Audit/cert artifacts,git ls-files --others --exclude-standard,optional
.build/i18n-visual-matrix/p2p-marketplace_en_390x844.png,untracked,OPTIONAL,Audit/cert artifacts,git ls-files --others --exclude-standard,optional
.build/i18n-visual-matrix/p2p-marketplace_en_768x1024.png,untracked,OPTIONAL,Audit/cert artifacts,git ls-files --others --exclude-standard,optional
.build/i18n-visual-matrix/p2p-marketplace_id-ID_1024x768.png,untracked,OPTIONAL,Audit/cert artifacts,git ls-files --others --exclude-standard,optional
.build/i18n-visual-matrix/p2p-marketplace_id-ID_1280x800.png,untracked,OPTIONAL,Audit/cert artifacts,git ls-files --others --exclude-standard,optional
.build/i18n-visual-matrix/p2p-marketplace_id-ID_1440x900.png,untracked,OPTIONAL,Audit/cert artifacts,git ls-files --others --exclude-standard,optional
.build/i18n-visual-matrix/p2p-marketplace_id-ID_390x844.png,untracked,OPTIONAL,Audit/cert artifacts,git ls-files --others --exclude-standard,optional
.build/i18n-visual-matrix/p2p-marketplace_id-ID_768x1024.png,untracked,OPTIONAL,Audit/cert artifacts,git ls-files --others --exclude-standard,optional
.build/i18n-visual-matrix/p2p-marketplace_zh-CN_1024x768.png,untracked,OPTIONAL,Audit/cert artifacts,git ls-files --others --exclude-standard,optional
.build/i18n-visual-matrix/p2p-marketplace_zh-CN_1280x800.png,untracked,OPTIONAL,Audit/cert artifacts,git ls-files --others --exclude-standard,optional
.build/i18n-visual-matrix/p2p-marketplace_zh-CN_1440x900.png,untracked,OPTIONAL,Audit/cert artifacts,git ls-files --others --exclude-standard,optional
.build/i18n-visual-matrix/p2p-marketplace_zh-CN_390x844.png,untracked,OPTIONAL,Audit/cert artifacts,git ls-files --others --exclude-standard,optional
.build/i18n-visual-matrix/p2p-marketplace_zh-CN_768x1024.png,untracked,OPTIONAL,Audit/cert artifacts,git ls-files --others --exclude-standard,optional
.build/i18n-visual-matrix/spot_en_1024x768.png,untracked,OPTIONAL,Audit/cert artifacts,git ls-files --others --exclude-standard,optional
.build/i18n-visual-matrix/spot_en_1280x800.png,untracked,OPTIONAL,Audit/cert artifacts,git ls-files --others --exclude-standard,optional
.build/i18n-visual-matrix/spot_en_1440x900.png,untracked,OPTIONAL,Audit/cert artifacts,git ls-files --others --exclude-standard,optional
.build/i18n-visual-matrix/spot_en_390x844.png,untracked,OPTIONAL,Audit/cert artifacts,git ls-files --others --exclude-standard,optional
.build/i18n-visual-matrix/spot_en_768x1024.png,untracked,OPTIONAL,Audit/cert artifacts,git ls-files --others --exclude-standard,optional
.build/i18n-visual-matrix/spot_id-ID_1024x768.png,untracked,OPTIONAL,Audit/cert artifacts,git ls-files --others --exclude-standard,optional
.build/i18n-visual-matrix/spot_id-ID_1280x800.png,untracked,OPTIONAL,Audit/cert artifacts,git ls-files --others --exclude-standard,optional
.build/i18n-visual-matrix/spot_id-ID_1440x900.png,untracked,OPTIONAL,Audit/cert artifacts,git ls-files --others --exclude-standard,optional
.build/i18n-visual-matrix/spot_id-ID_390x844.png,untracked,OPTIONAL,Audit/cert artifacts,git ls-files --others --exclude-standard,optional
.build/i18n-visual-matrix/spot_id-ID_768x1024.png,untracked,OPTIONAL,Audit/cert artifacts,git ls-files --others --exclude-standard,optional
.build/i18n-visual-matrix/spot_zh-CN_1024x768.png,untracked,OPTIONAL,Audit/cert artifacts,git ls-files --others --exclude-standard,optional
.build/i18n-visual-matrix/spot_zh-CN_1280x800.png,untracked,OPTIONAL,Audit/cert artifacts,git ls-files --others --exclude-standard,optional
.build/i18n-visual-matrix/spot_zh-CN_1440x900.png,untracked,OPTIONAL,Audit/cert artifacts,git ls-files --others --exclude-standard,optional
.build/i18n-visual-matrix/spot_zh-CN_390x844.png,untracked,OPTIONAL,Audit/cert artifacts,git ls-files --others --exclude-standard,optional
.build/i18n-visual-matrix/spot_zh-CN_768x1024.png,untracked,OPTIONAL,Audit/cert artifacts,git ls-files --others --exclude-standard,optional
.build/platform-wide-auth-static-routes-audit/results.jsonl,untracked,OPTIONAL,Audit/cert artifacts,git ls-files --others --exclude-standard,optional
.deploy-admin-backup-20260916T124404Z.id,untracked,DEPLOYMENT_ONLY,VPS deploy tracking,git ls-files --others --exclude-standard,optional
.deploy-admin-rollback-tag,untracked,DEPLOYMENT_ONLY,VPS deploy tracking,git ls-files --others --exclude-standard,optional
.deploy-admin-rollback.sh,untracked,DEPLOYMENT_ONLY,VPS deploy tracking,git ls-files --others --exclude-standard,optional
.deploy-backup-point-20260916T210450Z.md,untracked,DEPLOYMENT_ONLY,VPS deploy tracking,git ls-files --others --exclude-standard,optional
.deploy-backup-point-latest.md,untracked,DEPLOYMENT_ONLY,VPS deploy tracking,git ls-files --others --exclude-standard,optional
.deploy-restore-backup-point.sh,untracked,DEPLOYMENT_ONLY,VPS deploy tracking,git ls-files --others --exclude-standard,optional
FDM_FOREX_FINAL_MASTER_CERTIFICATION.md,untracked,OPTIONAL,Root/docs markdown,git ls-files --others --exclude-standard,optional
FOREX_ADMIN_TIER1_COMPLETION_REPORT.md,untracked,OPTIONAL,Root/docs markdown,git ls-files --others --exclude-standard,optional
FOREX_ADMIN_TIER1_FINAL_CERTIFICATION_REPORT.md,untracked,OPTIONAL,Root/docs markdown,git ls-files --others --exclude-standard,optional
FOREX_ADMIN_TIER1_FINAL_MASTER_AUDIT.md,untracked,OPTIONAL,Root/docs markdown,git ls-files --others --exclude-standard,optional
FOREX_ADMIN_TIER1_FINAL_RUNTIME_CERTIFICATION_REPORT.md,untracked,OPTIONAL,Root/docs markdown,git ls-files --others --exclude-standard,optional
FOREX_ADMIN_TIER1_FINAL_VERIFICATION_REPORT.md,untracked,OPTIONAL,Root/docs markdown,git ls-files --others --exclude-standard,optional
FOREX_BASELINE_CERT.md,untracked,OPTIONAL,Root/docs markdown,git ls-files --others --exclude-standard,optional
FOREX_CHANGE_BOUNDARY.md,untracked,OPTIONAL,Root/docs markdown,git ls-files --others --exclude-standard,optional
FOREX_MT5_CLASS_FINAL_MATRIX.md,untracked,OPTIONAL,Root/docs markdown,git ls-files --others --exclude-standard,optional
FOREX_MT5_CLASS_FINAL_RELEASE_CERTIFICATION.md,untracked,OPTIONAL,Root/docs markdown,git ls-files --others --exclude-standard,optional
FOREX_MT5_GAP_BASELINE_POST_PHASE1B.md,untracked,OPTIONAL,Root/docs markdown,git ls-files --others --exclude-standard,optional
FOREX_PHASE0_QUOTE_AUTHORITY_CERT.md,untracked,OPTIONAL,Root/docs markdown,git ls-files --others --exclude-standard,optional
FOREX_PHASE1A_HEDGING_CERT.md,untracked,OPTIONAL,Root/docs markdown,git ls-files --others --exclude-standard,optional
FOREX_PHASE1B_CLOSEBY_REVERSE_CERT.md,untracked,OPTIONAL,Root/docs markdown,git ls-files --others --exclude-standard,optional
FOREX_PHASE1B_FE_PARITY_CERT.md,untracked,OPTIONAL,Root/docs markdown,git ls-files --others --exclude-standard,optional
FOREX_PRE_IMPLEMENTATION_CHECKPOINT.md,untracked,OPTIONAL,Root/docs markdown,git ls-files --others --exclude-standard,optional
FOREX_S5_STAGING_CERT.md,untracked,OPTIONAL,Root/docs markdown,git ls-files --others --exclude-standard,optional
PHASE1A_CURRENT_STATE.md,untracked,OPTIONAL,Root/docs markdown,git ls-files --others --exclude-standard,optional
apps/admin-panel/.build/ADMIN_SHELL_DOMAIN_SEPARATION_CERTIFICATION.json,untracked,REQUIRED_BUT_NOT_COMMITTED,New app path not in HEAD commit,git ls-files --others --exclude-standard,include_in_snapshot
apps/admin-panel/src/app/(protected)/forex/overview/page.tsx,untracked,REQUIRED_BUT_NOT_COMMITTED,New app path not in HEAD commit,git ls-files --others --exclude-standard,include_in_snapshot
apps/admin-panel/src/components/forex/panels/ForexCommandCenterView.tsx,untracked,REQUIRED_BUT_NOT_COMMITTED,New app path not in HEAD commit,git ls-files --others --exclude-standard,include_in_snapshot
apps/admin-panel/src/components/forex/primitives/ForexListWorkspace.tsx,untracked,REQUIRED_BUT_NOT_COMMITTED,New app path not in HEAD commit,git ls-files --others --exclude-standard,include_in_snapshot
apps/admin-panel/src/components/forex/primitives/ForexRouteWorkspace.tsx,untracked,REQUIRED_BUT_NOT_COMMITTED,New app path not in HEAD commit,git ls-files --others --exclude-standard,include_in_snapshot
apps/admin-panel/src/components/forex/primitives/forex-semantic-system.tsx,untracked,REQUIRED_BUT_NOT_COMMITTED,New app path not in HEAD commit,git ls-files --others --exclude-standard,include_in_snapshot
apps/backend/.build/ADMIN_ISOLATED_RBAC_UI_MATRIX.json,untracked,REQUIRED_BUT_NOT_COMMITTED,New app path not in HEAD commit,git ls-files --others --exclude-standard,include_in_snapshot
apps/backend/.build/ADMIN_RUNTIME_CLOSURE_CERTIFICATION.json,untracked,REQUIRED_BUT_NOT_COMMITTED,New app path not in HEAD commit,git ls-files --others --exclude-standard,include_in_snapshot
apps/backend/.build/admin-cert-screenshots/admin-control.png,untracked,REQUIRED_BUT_NOT_COMMITTED,New app path not in HEAD commit,git ls-files --others --exclude-standard,include_in_snapshot
apps/backend/.build/admin-cert-screenshots/cc-1280x800.png,untracked,REQUIRED_BUT_NOT_COMMITTED,New app path not in HEAD commit,git ls-files --others --exclude-standard,include_in_snapshot
apps/backend/.build/admin-cert-screenshots/cc-1440x900.png,untracked,REQUIRED_BUT_NOT_COMMITTED,New app path not in HEAD commit,git ls-files --others --exclude-standard,include_in_snapshot
apps/backend/.build/admin-cert-screenshots/cc-390x844.png,untracked,REQUIRED_BUT_NOT_COMMITTED,New app path not in HEAD commit,git ls-files --others --exclude-standard,include_in_snapshot
apps/backend/.build/admin-cert-screenshots/cc-768x1024.png,untracked,REQUIRED_BUT_NOT_COMMITTED,New app path not in HEAD commit,git ls-files --others --exclude-standard,include_in_snapshot
apps/backend/.build/admin-cert-screenshots/forex-controls.png,untracked,REQUIRED_BUT_NOT_COMMITTED,New app path not in HEAD commit,git ls-files --others --exclude-standard,include_in_snapshot
apps/backend/scripts/forex-admin-page-health.ts,untracked,REQUIRED_BUT_NOT_COMMITTED,New app path not in HEAD commit,git ls-files --others --exclude-standard,include_in_snapshot
apps/backend/scripts/forex-admin-system-map.ts,untracked,REQUIRED_BUT_NOT_COMMITTED,New app path not in HEAD commit,git ls-files --others --exclude-standard,include_in_snapshot
apps/backend/scripts/forex-cert-api-suite.ts,untracked,REQUIRED_BUT_NOT_COMMITTED,New app path not in HEAD commit,git ls-files --others --exclude-standard,include_in_snapshot
apps/backend/scripts/forex-cert-db-guard.ts,untracked,REQUIRED_BUT_NOT_COMMITTED,New app path not in HEAD commit,git ls-files --others --exclude-standard,include_in_snapshot
apps/backend/scripts/forex-cert-exhaustive-idor.ts,untracked,REQUIRED_BUT_NOT_COMMITTED,New app path not in HEAD commit,git ls-files --others --exclude-standard,include_in_snapshot
apps/backend/scripts/forex-cert-idor-matrix.ts,untracked,REQUIRED_BUT_NOT_COMMITTED,New app path not in HEAD commit,git ls-files --others --exclude-standard,include_in_snapshot
apps/backend/scripts/forex-cert-isolated-db.sh,untracked,REQUIRED_BUT_NOT_COMMITTED,New app path not in HEAD commit,git ls-files --others --exclude-standard,include_in_snapshot
apps/backend/scripts/forex-cert-run-all.sh,untracked,REQUIRED_BUT_NOT_COMMITTED,New app path not in HEAD commit,git ls-files --others --exclude-standard,include_in_snapshot
apps/backend/scripts/forex-cert-runtime-suite.ts,untracked,REQUIRED_BUT_NOT_COMMITTED,New app path not in HEAD commit,git ls-files --others --exclude-standard,include_in_snapshot
apps/backend/scripts/forex-cert-seed.ts,untracked,REQUIRED_BUT_NOT_COMMITTED,New app path not in HEAD commit,git ls-files --others --exclude-standard,include_in_snapshot
apps/backend/scripts/forex-master-system-inventory.ts,untracked,REQUIRED_BUT_NOT_COMMITTED,New app path not in HEAD commit,git ls-files --others --exclude-standard,include_in_snapshot
apps/backend/scripts/forex-mt5-admin-inventory.ts,untracked,REQUIRED_BUT_NOT_COMMITTED,New app path not in HEAD commit,git ls-files --others --exclude-standard,include_in_snapshot
apps/backend/scripts/forex-pass2-gap-register.ts,untracked,REQUIRED_BUT_NOT_COMMITTED,New app path not in HEAD commit,git ls-files --others --exclude-standard,include_in_snapshot
apps/backend/scripts/forex-pass3-account-lifecycle-e2e.ts,untracked,REQUIRED_BUT_NOT_COMMITTED,New app path not in HEAD commit,git ls-files --others --exclude-standard,include_in_snapshot
apps/backend/scripts/forex-pass3-automation-e2e.ts,untracked,REQUIRED_BUT_NOT_COMMITTED,New app path not in HEAD commit,git ls-files --others --exclude-standard,include_in_snapshot
apps/backend/scripts/forex-pass3-crm-convert-e2e.ts,untracked,REQUIRED_BUT_NOT_COMMITTED,New app path not in HEAD commit,git ls-files --others --exclude-standard,include_in_snapshot
apps/backend/scripts/forex-pass3-finance-e2e.ts,untracked,REQUIRED_BUT_NOT_COMMITTED,New app path not in HEAD commit,git ls-files --others --exclude-standard,include_in_snapshot
apps/backend/scripts/forex-pass3-gap-register.ts,untracked,REQUIRED_BUT_NOT_COMMITTED,New app path not in HEAD commit,git ls-files --others --exclude-standard,include_in_snapshot
apps/backend/scripts/forex-pass3-ib-payout-e2e.ts,untracked,REQUIRED_BUT_NOT_COMMITTED,New app path not in HEAD commit,git ls-files --others --exclude-standard,include_in_snapshot
apps/backend/scripts/forex-tier1-ui-inventory.ts,untracked,REQUIRED_BUT_NOT_COMMITTED,New app path not in HEAD commit,git ls-files --others --exclude-standard,include_in_snapshot
apps/backend/src/services/forex/account/account-group-runtime-policy.test.ts,untracked,REQUIRED_BUT_NOT_COMMITTED,New app path not in HEAD commit,git ls-files --others --exclude-standard,include_in_snapshot
apps/backend/src/services/forex/account/account-group-runtime-policy.ts,untracked,REQUIRED_BUT_NOT_COMMITTED,New app path not in HEAD commit,git ls-files --others --exclude-standard,include_in_snapshot
apps/backend/src/services/forex/account/account-leverage-policy.test.ts,untracked,REQUIRED_BUT_NOT_COMMITTED,New app path not in HEAD commit,git ls-files --others --exclude-standard,include_in_snapshot
apps/backend/src/services/forex/account/account-leverage-policy.ts,untracked,REQUIRED_BUT_NOT_COMMITTED,New app path not in HEAD commit,git ls-files --others --exclude-standard,include_in_snapshot
apps/backend/src/services/forex/adapters/execution-bridge.test.ts,untracked,REQUIRED_BUT_NOT_COMMITTED,New app path not in HEAD commit,git ls-files --others --exclude-standard,include_in_snapshot
apps/backend/src/services/forex/adapters/execution-bridge.ts,untracked,REQUIRED_BUT_NOT_COMMITTED,New app path not in HEAD commit,git ls-files --others --exclude-standard,include_in_snapshot
apps/backend/src/services/forex/adapters/index.ts,untracked,REQUIRED_BUT_NOT_COMMITTED,New app path not in HEAD commit,git ls-files --others --exclude-standard,include_in_snapshot
apps/backend/src/services/forex/adapters/internal-fdm.adapter.ts,untracked,REQUIRED_BUT_NOT_COMMITTED,New app path not in HEAD commit,git ls-files --others --exclude-standard,include_in_snapshot
apps/backend/src/services/forex/adapters/registry.ts,untracked,REQUIRED_BUT_NOT_COMMITTED,New app path not in HEAD commit,git ls-files --others --exclude-standard,include_in_snapshot
apps/backend/src/services/forex/adapters/types.ts,untracked,REQUIRED_BUT_NOT_COMMITTED,New app path not in HEAD commit,git ls-files --others --exclude-standard,include_in_snapshot
apps/backend/src/services/forex/auth/forex-ws-auth.test.ts,untracked,REQUIRED_BUT_NOT_COMMITTED,New app path not in HEAD commit,git ls-files --others --exclude-standard,include_in_snapshot
apps/backend/src/services/forex/capabilities/customer-contract.test.ts,untracked,REQUIRED_BUT_NOT_COMMITTED,New app path not in HEAD commit,git ls-files --others --exclude-standard,include_in_snapshot
apps/backend/src/services/forex/capabilities/customer-contract.ts,untracked,REQUIRED_BUT_NOT_COMMITTED,New app path not in HEAD commit,git ls-files --others --exclude-standard,include_in_snapshot
apps/backend/src/services/forex/capabilities/execution-resolver.ts,untracked,REQUIRED_BUT_NOT_COMMITTED,New app path not in HEAD commit,git ls-files --others --exclude-standard,include_in_snapshot
apps/backend/src/services/forex/capabilities/order-paths.test.ts,untracked,REQUIRED_BUT_NOT_COMMITTED,New app path not in HEAD commit,git ls-files --others --exclude-standard,include_in_snapshot
apps/backend/src/services/forex/capabilities/order-paths.ts,untracked,REQUIRED_BUT_NOT_COMMITTED,New app path not in HEAD commit,git ls-files --others --exclude-standard,include_in_snapshot
apps/backend/src/services/forex/customer/alert-delivery.ts,untracked,REQUIRED_BUT_NOT_COMMITTED,New app path not in HEAD commit,git ls-files --others --exclude-standard,include_in_snapshot
apps/backend/src/services/forex/customer/alert-engine.ts,untracked,REQUIRED_BUT_NOT_COMMITTED,New app path not in HEAD commit,git ls-files --others --exclude-standard,include_in_snapshot
apps/backend/src/services/forex/customer/drawdown-metrics.ts,untracked,REQUIRED_BUT_NOT_COMMITTED,New app path not in HEAD commit,git ls-files --others --exclude-standard,include_in_snapshot
apps/backend/src/services/forex/customer/forex-alert-engine.test.ts,untracked,REQUIRED_BUT_NOT_COMMITTED,New app path not in HEAD commit,git ls-files --others --exclude-standard,include_in_snapshot
apps/backend/src/services/forex/customer/history-export.ts,untracked,REQUIRED_BUT_NOT_COMMITTED,New app path not in HEAD commit,git ls-files --others --exclude-standard,include_in_snapshot
apps/backend/src/services/forex/customer/session-alert-watch.test.ts,untracked,REQUIRED_BUT_NOT_COMMITTED,New app path not in HEAD commit,git ls-files --others --exclude-standard,include_in_snapshot
apps/backend/src/services/forex/customer/session-alert-watch.ts,untracked,REQUIRED_BUT_NOT_COMMITTED,New app path not in HEAD commit,git ls-files --others --exclude-standard,include_in_snapshot
apps/backend/src/services/forex/forex-gtd.test.ts,untracked,REQUIRED_BUT_NOT_COMMITTED,New app path not in HEAD commit,git ls-files --others --exclude-standard,include_in_snapshot
apps/backend/src/services/forex/forex-phase-a-orders.test.ts,untracked,REQUIRED_BUT_NOT_COMMITTED,New app path not in HEAD commit,git ls-files --others --exclude-standard,include_in_snapshot
apps/backend/src/services/forex/forex-phase1a-hedging.cert.ts,untracked,REQUIRED_BUT_NOT_COMMITTED,New app path not in HEAD commit,git ls-files --others --exclude-standard,include_in_snapshot
apps/backend/src/services/forex/forex-phase1a-hedging.test.ts,untracked,REQUIRED_BUT_NOT_COMMITTED,New app path not in HEAD commit,git ls-files --others --exclude-standard,include_in_snapshot
apps/backend/src/services/forex/forex-phase1b-close-by-reverse.cert.ts,untracked,REQUIRED_BUT_NOT_COMMITTED,New app path not in HEAD commit,git ls-files --others --exclude-standard,include_in_snapshot
apps/backend/src/services/forex/forex-phase1b-close-by-reverse.test.ts,untracked,REQUIRED_BUT_NOT_COMMITTED,New app path not in HEAD commit,git ls-files --others --exclude-standard,include_in_snapshot
apps/backend/src/services/forex/forex-phase1c-stoplimit-tif.cert.ts,untracked,REQUIRED_BUT_NOT_COMMITTED,New app path not in HEAD commit,git ls-files --others --exclude-standard,include_in_snapshot
apps/backend/src/services/forex/forex-phase1c-stoplimit-tif.test.ts,untracked,REQUIRED_BUT_NOT_COMMITTED,New app path not in HEAD commit,git ls-files --others --exclude-standard,include_in_snapshot
apps/backend/src/services/forex/forex-phase2-customer-terminal.test.ts,untracked,REQUIRED_BUT_NOT_COMMITTED,New app path not in HEAD commit,git ls-files --others --exclude-standard,include_in_snapshot
apps/backend/src/services/forex/forex-phase3-customer-execution.cert.ts,untracked,REQUIRED_BUT_NOT_COMMITTED,New app path not in HEAD commit,git ls-files --others --exclude-standard,include_in_snapshot
apps/backend/src/services/forex/forex-price-consistency.cert.ts,untracked,REQUIRED_BUT_NOT_COMMITTED,New app path not in HEAD commit,git ls-files --others --exclude-standard,include_in_snapshot
apps/backend/src/services/forex/journal/models.ts,untracked,REQUIRED_BUT_NOT_COMMITTED,New app path not in HEAD commit,git ls-files --others --exclude-standard,include_in_snapshot
apps/backend/src/services/forex/journal/persist.ts,untracked,REQUIRED_BUT_NOT_COMMITTED,New app path not in HEAD commit,git ls-files --others --exclude-standard,include_in_snapshot
apps/backend/src/services/forex/journal/service.ts,untracked,REQUIRED_BUT_NOT_COMMITTED,New app path not in HEAD commit,git ls-files --others --exclude-standard,include_in_snapshot
apps/backend/src/services/forex/journal/store.ts,untracked,REQUIRED_BUT_NOT_COMMITTED,New app path not in HEAD commit,git ls-files --others --exclude-standard,include_in_snapshot
apps/backend/src/services/forex/market-data/anchor.test.ts,untracked,REQUIRED_BUT_NOT_COMMITTED,New app path not in HEAD commit,git ls-files --others --exclude-standard,include_in_snapshot
apps/backend/src/services/forex/market-data/anchor.ts,untracked,REQUIRED_BUT_NOT_COMMITTED,New app path not in HEAD commit,git ls-files --others --exclude-standard,include_in_snapshot
apps/backend/src/services/forex/market-data/candle-timeframe-plans.ts,untracked,REQUIRED_BUT_NOT_COMMITTED,New app path not in HEAD commit,git ls-files --others --exclude-standard,include_in_snapshot
apps/backend/src/services/forex/market-data/demo-pin.test.ts,untracked,REQUIRED_BUT_NOT_COMMITTED,New app path not in HEAD commit,git ls-files --others --exclude-standard,include_in_snapshot
apps/backend/src/services/forex/market-data/mock-authority.test.ts,untracked,REQUIRED_BUT_NOT_COMMITTED,New app path not in HEAD commit,git ls-files --others --exclude-standard,include_in_snapshot
apps/backend/src/services/forex/market-data/mock-authority.ts,untracked,REQUIRED_BUT_NOT_COMMITTED,New app path not in HEAD commit,git ls-files --others --exclude-standard,include_in_snapshot
apps/backend/src/services/forex/market-data/provider-contracts.ts,untracked,REQUIRED_BUT_NOT_COMMITTED,New app path not in HEAD commit,git ls-files --others --exclude-standard,include_in_snapshot
apps/backend/src/services/forex/market-data/timeframe-registry.ts,untracked,REQUIRED_BUT_NOT_COMMITTED,New app path not in HEAD commit,git ls-files --others --exclude-standard,include_in_snapshot
apps/backend/src/services/forex/orders/close-by.ts,untracked,REQUIRED_BUT_NOT_COMMITTED,New app path not in HEAD commit,git ls-files --others --exclude-standard,include_in_snapshot
apps/backend/src/services/forex/orders/reverse.ts,untracked,REQUIRED_BUT_NOT_COMMITTED,New app path not in HEAD commit,git ls-files --others --exclude-standard,include_in_snapshot
apps/backend/src/services/forex/positions/account-mode-persist.ts,untracked,REQUIRED_BUT_NOT_COMMITTED,New app path not in HEAD commit,git ls-files --others --exclude-standard,include_in_snapshot
apps/backend/src/services/forex/positions/account-mode.ts,untracked,REQUIRED_BUT_NOT_COMMITTED,New app path not in HEAD commit,git ls-files --others --exclude-standard,include_in_snapshot
apps/backend/src/services/forex/positions/entry-price-reconcile.test.ts,untracked,REQUIRED_BUT_NOT_COMMITTED,New app path not in HEAD commit,git ls-files --others --exclude-standard,include_in_snapshot
apps/backend/src/services/forex/positions/hedging.ts,untracked,REQUIRED_BUT_NOT_COMMITTED,New app path not in HEAD commit,git ls-files --others --exclude-standard,include_in_snapshot
apps/backend/src/services/forex/protection/trailing.test.ts,untracked,REQUIRED_BUT_NOT_COMMITTED,New app path not in HEAD commit,git ls-files --others --exclude-standard,include_in_snapshot
apps/backend/src/services/forex/protection/trailing.ts,untracked,REQUIRED_BUT_NOT_COMMITTED,New app path not in HEAD commit,git ls-files --others --exclude-standard,include_in_snapshot
apps/frontend/.build/forex-ui-screenshots/1024x768_forex_account.png,untracked,REQUIRED_BUT_NOT_COMMITTED,New app path not in HEAD commit,git ls-files --others --exclude-standard,include_in_snapshot
apps/frontend/.build/forex-ui-screenshots/1024x768_forex_alerts.png,untracked,REQUIRED_BUT_NOT_COMMITTED,New app path not in HEAD commit,git ls-files --others --exclude-standard,include_in_snapshot
apps/frontend/.build/forex-ui-screenshots/1024x768_forex_analysis.png,untracked,REQUIRED_BUT_NOT_COMMITTED,New app path not in HEAD commit,git ls-files --others --exclude-standard,include_in_snapshot
apps/frontend/.build/forex-ui-screenshots/1024x768_forex_markets.png,untracked,REQUIRED_BUT_NOT_COMMITTED,New app path not in HEAD commit,git ls-files --others --exclude-standard,include_in_snapshot
apps/frontend/.build/forex-ui-screenshots/1024x768_forex_orders.png,untracked,REQUIRED_BUT_NOT_COMMITTED,New app path not in HEAD commit,git ls-files --others --exclude-standard,include_in_snapshot
apps/frontend/.build/forex-ui-screenshots/1024x768_forex_portfolio.png,untracked,REQUIRED_BUT_NOT_COMMITTED,New app path not in HEAD commit,git ls-files --others --exclude-standard,include_in_snapshot
apps/frontend/.build/forex-ui-screenshots/1024x768_forex_trade.png,untracked,REQUIRED_BUT_NOT_COMMITTED,New app path not in HEAD commit,git ls-files --others --exclude-standard,include_in_snapshot
apps/frontend/.build/forex-ui-screenshots/1280x800_forex_account.png,untracked,REQUIRED_BUT_NOT_COMMITTED,New app path not in HEAD commit,git ls-files --others --exclude-standard,include_in_snapshot
apps/frontend/.build/forex-ui-screenshots/1280x800_forex_alerts.png,untracked,REQUIRED_BUT_NOT_COMMITTED,New app path not in HEAD commit,git ls-files --others --exclude-standard,include_in_snapshot
apps/frontend/.build/forex-ui-screenshots/1280x800_forex_analysis.png,untracked,REQUIRED_BUT_NOT_COMMITTED,New app path not in HEAD commit,git ls-files --others --exclude-standard,include_in_snapshot
apps/frontend/.build/forex-ui-screenshots/1280x800_forex_markets.png,untracked,REQUIRED_BUT_NOT_COMMITTED,New app path not in HEAD commit,git ls-files --others --exclude-standard,include_in_snapshot
apps/frontend/.build/forex-ui-screenshots/1280x800_forex_orders.png,untracked,REQUIRED_BUT_NOT_COMMITTED,New app path not in HEAD commit,git ls-files --others --exclude-standard,include_in_snapshot
apps/frontend/.build/forex-ui-screenshots/1280x800_forex_portfolio.png,untracked,REQUIRED_BUT_NOT_COMMITTED,New app path not in HEAD commit,git ls-files --others --exclude-standard,include_in_snapshot
apps/frontend/.build/forex-ui-screenshots/1280x800_forex_trade.png,untracked,REQUIRED_BUT_NOT_COMMITTED,New app path not in HEAD commit,git ls-files --others --exclude-standard,include_in_snapshot
apps/frontend/.build/forex-ui-screenshots/1440x900_forex_account.png,untracked,REQUIRED_BUT_NOT_COMMITTED,New app path not in HEAD commit,git ls-files --others --exclude-standard,include_in_snapshot
apps/frontend/.build/forex-ui-screenshots/1440x900_forex_alerts.png,untracked,REQUIRED_BUT_NOT_COMMITTED,New app path not in HEAD commit,git ls-files --others --exclude-standard,include_in_snapshot
apps/frontend/.build/forex-ui-screenshots/1440x900_forex_analysis.png,untracked,REQUIRED_BUT_NOT_COMMITTED,New app path not in HEAD commit,git ls-files --others --exclude-standard,include_in_snapshot
apps/frontend/.build/forex-ui-screenshots/1440x900_forex_markets.png,untracked,REQUIRED_BUT_NOT_COMMITTED,New app path not in HEAD commit,git ls-files --others --exclude-standard,include_in_snapshot
apps/frontend/.build/forex-ui-screenshots/1440x900_forex_orders.png,untracked,REQUIRED_BUT_NOT_COMMITTED,New app path not in HEAD commit,git ls-files --others --exclude-standard,include_in_snapshot
apps/frontend/.build/forex-ui-screenshots/1440x900_forex_portfolio.png,untracked,REQUIRED_BUT_NOT_COMMITTED,New app path not in HEAD commit,git ls-files --others --exclude-standard,include_in_snapshot
apps/frontend/.build/forex-ui-screenshots/1440x900_forex_trade.png,untracked,REQUIRED_BUT_NOT_COMMITTED,New app path not in HEAD commit,git ls-files --others --exclude-standard,include_in_snapshot
apps/frontend/.build/forex-ui-screenshots/390x844_forex_account.png,untracked,REQUIRED_BUT_NOT_COMMITTED,New app path not in HEAD commit,git ls-files --others --exclude-standard,include_in_snapshot
apps/frontend/.build/forex-ui-screenshots/390x844_forex_alerts.png,untracked,REQUIRED_BUT_NOT_COMMITTED,New app path not in HEAD commit,git ls-files --others --exclude-standard,include_in_snapshot
apps/frontend/.build/forex-ui-screenshots/390x844_forex_analysis.png,untracked,REQUIRED_BUT_NOT_COMMITTED,New app path not in HEAD commit,git ls-files --others --exclude-standard,include_in_snapshot
apps/frontend/.build/forex-ui-screenshots/390x844_forex_markets.png,untracked,REQUIRED_BUT_NOT_COMMITTED,New app path not in HEAD commit,git ls-files --others --exclude-standard,include_in_snapshot
apps/frontend/.build/forex-ui-screenshots/390x844_forex_orders.png,untracked,REQUIRED_BUT_NOT_COMMITTED,New app path not in HEAD commit,git ls-files --others --exclude-standard,include_in_snapshot
apps/frontend/.build/forex-ui-screenshots/390x844_forex_portfolio.png,untracked,REQUIRED_BUT_NOT_COMMITTED,New app path not in HEAD commit,git ls-files --others --exclude-standard,include_in_snapshot
apps/frontend/.build/forex-ui-screenshots/390x844_forex_trade.png,untracked,REQUIRED_BUT_NOT_COMMITTED,New app path not in HEAD commit,git ls-files --others --exclude-standard,include_in_snapshot
apps/frontend/.build/forex-ui-screenshots/768x1024_forex_account.png,untracked,REQUIRED_BUT_NOT_COMMITTED,New app path not in HEAD commit,git ls-files --others --exclude-standard,include_in_snapshot
apps/frontend/.build/forex-ui-screenshots/768x1024_forex_alerts.png,untracked,REQUIRED_BUT_NOT_COMMITTED,New app path not in HEAD commit,git ls-files --others --exclude-standard,include_in_snapshot
apps/frontend/.build/forex-ui-screenshots/768x1024_forex_analysis.png,untracked,REQUIRED_BUT_NOT_COMMITTED,New app path not in HEAD commit,git ls-files --others --exclude-standard,include_in_snapshot
apps/frontend/.build/forex-ui-screenshots/768x1024_forex_markets.png,untracked,REQUIRED_BUT_NOT_COMMITTED,New app path not in HEAD commit,git ls-files --others --exclude-standard,include_in_snapshot
apps/frontend/.build/forex-ui-screenshots/768x1024_forex_orders.png,untracked,REQUIRED_BUT_NOT_COMMITTED,New app path not in HEAD commit,git ls-files --others --exclude-standard,include_in_snapshot
apps/frontend/.build/forex-ui-screenshots/768x1024_forex_portfolio.png,untracked,REQUIRED_BUT_NOT_COMMITTED,New app path not in HEAD commit,git ls-files --others --exclude-standard,include_in_snapshot
apps/frontend/.build/forex-ui-screenshots/768x1024_forex_trade.png,untracked,REQUIRED_BUT_NOT_COMMITTED,New app path not in HEAD commit,git ls-files --others --exclude-standard,include_in_snapshot
apps/frontend/scripts/batch2-wire-remaining.mjs,untracked,REQUIRED_BUT_NOT_COMMITTED,New app path not in HEAD commit,git ls-files --others --exclude-standard,include_in_snapshot
apps/frontend/scripts/dashboard-account-i18n-data.mjs,untracked,REQUIRED_BUT_NOT_COMMITTED,New app path not in HEAD commit,git ls-files --others --exclude-standard,include_in_snapshot
apps/frontend/scripts/merge-dashboard-i18n.mjs,untracked,REQUIRED_BUT_NOT_COMMITTED,New app path not in HEAD commit,git ls-files --others --exclude-standard,include_in_snapshot
apps/frontend/src/lib/forex/chart/forex-drawings.test.ts,untracked,REQUIRED_BUT_NOT_COMMITTED,New app path not in HEAD commit,git ls-files --others --exclude-standard,include_in_snapshot
apps/frontend/src/lib/forex/chart/indicator-registry.test.ts,untracked,REQUIRED_BUT_NOT_COMMITTED,New app path not in HEAD commit,git ls-files --others --exclude-standard,include_in_snapshot
apps/frontend/src/lib/forex/chart/pending-order-lines.test.ts,untracked,REQUIRED_BUT_NOT_COMMITTED,New app path not in HEAD commit,git ls-files --others --exclude-standard,include_in_snapshot
apps/frontend/src/lib/forex/models/customer-alerts.test.ts,untracked,REQUIRED_BUT_NOT_COMMITTED,New app path not in HEAD commit,git ls-files --others --exclude-standard,include_in_snapshot
apps/frontend/src/lib/forex/models/forex-p0-p1.test.ts,untracked,REQUIRED_BUT_NOT_COMMITTED,New app path not in HEAD commit,git ls-files --others --exclude-standard,include_in_snapshot
apps/frontend/src/lib/forex/models/forex-phase-a-ui.test.ts,untracked,REQUIRED_BUT_NOT_COMMITTED,New app path not in HEAD commit,git ls-files --others --exclude-standard,include_in_snapshot
apps/frontend/src/lib/forex/models/live-valuation.test.ts,untracked,REQUIRED_BUT_NOT_COMMITTED,New app path not in HEAD commit,git ls-files --others --exclude-standard,include_in_snapshot
apps/frontend/src/lib/forex/models/order-type-tif.test.ts,untracked,REQUIRED_BUT_NOT_COMMITTED,New app path not in HEAD commit,git ls-files --others --exclude-standard,include_in_snapshot
apps/frontend/src/lib/forex/models/price-consistency.test.ts,untracked,REQUIRED_BUT_NOT_COMMITTED,New app path not in HEAD commit,git ls-files --others --exclude-standard,include_in_snapshot
scripts/classify-aml-alerts.sql,untracked,REQUIRED_BUT_NOT_COMMITTED,New app path not in HEAD commit,git ls-files --others --exclude-standard,include_in_snapshot
scripts/classify-settlement-dlq.sql,untracked,REQUIRED_BUT_NOT_COMMITTED,New app path not in HEAD commit,git ls-files --others --exclude-standard,include_in_snapshot
scripts/forex-account-center-browser-cert.mjs,untracked,REQUIRED_BUT_NOT_COMMITTED,New app path not in HEAD commit,git ls-files --others --exclude-standard,include_in_snapshot
scripts/forex-browser-cert.mjs,untracked,REQUIRED_BUT_NOT_COMMITTED,New app path not in HEAD commit,git ls-files --others --exclude-standard,include_in_snapshot
scripts/forex-cert-admin-ui-e2e.sh,untracked,REQUIRED_BUT_NOT_COMMITTED,New app path not in HEAD commit,git ls-files --others --exclude-standard,include_in_snapshot
scripts/forex-gtd-alert-persistence.mjs,untracked,REQUIRED_BUT_NOT_COMMITTED,New app path not in HEAD commit,git ls-files --others --exclude-standard,include_in_snapshot
scripts/forex-mt5-parity-program.mjs,untracked,REQUIRED_BUT_NOT_COMMITTED,New app path not in HEAD commit,git ls-files --others --exclude-standard,include_in_snapshot
scripts/forex-multi-account-browser-cert.mjs,untracked,REQUIRED_BUT_NOT_COMMITTED,New app path not in HEAD commit,git ls-files --others --exclude-standard,include_in_snapshot
scripts/forex-p0-p1-gap-program.mjs,untracked,REQUIRED_BUT_NOT_COMMITTED,New app path not in HEAD commit,git ls-files --others --exclude-standard,include_in_snapshot
scripts/forex-phase1b-browser-cert.mjs,untracked,REQUIRED_BUT_NOT_COMMITTED,New app path not in HEAD commit,git ls-files --others --exclude-standard,include_in_snapshot
scripts/forex-phase1b-fe-parity-browser.mjs,untracked,REQUIRED_BUT_NOT_COMMITTED,New app path not in HEAD commit,git ls-files --others --exclude-standard,include_in_snapshot
scripts/forex-phase1c-browser-cert.mjs,untracked,REQUIRED_BUT_NOT_COMMITTED,New app path not in HEAD commit,git ls-files --others --exclude-standard,include_in_snapshot
scripts/forex-phase3-p3a-browser-cert.mjs,untracked,REQUIRED_BUT_NOT_COMMITTED,New app path not in HEAD commit,git ls-files --others --exclude-standard,include_in_snapshot
scripts/forex-phase3-p3b-natural-close-cert.mjs,untracked,REQUIRED_BUT_NOT_COMMITTED,New app path not in HEAD commit,git ls-files --others --exclude-standard,include_in_snapshot
scripts/forex-phase3-p3b-natural-close-green-cert.mjs,untracked,REQUIRED_BUT_NOT_COMMITTED,New app path not in HEAD commit,git ls-files --others --exclude-standard,include_in_snapshot
scripts/forex-phase4-live-green-cert.mjs,untracked,REQUIRED_BUT_NOT_COMMITTED,New app path not in HEAD commit,git ls-files --others --exclude-standard,include_in_snapshot
scripts/forex-phase4-runtime-cert.mjs,untracked,REQUIRED_BUT_NOT_COMMITTED,New app path not in HEAD commit,git ls-files --others --exclude-standard,include_in_snapshot
scripts/forex-phase4-wait-and-green-cert.sh,untracked,REQUIRED_BUT_NOT_COMMITTED,New app path not in HEAD commit,git ls-files --others --exclude-standard,include_in_snapshot
scripts/forex-pre-market-browser.mjs,untracked,REQUIRED_BUT_NOT_COMMITTED,New app path not in HEAD commit,git ls-files --others --exclude-standard,include_in_snapshot
scripts/forex-pre-market-cert.mjs,untracked,REQUIRED_BUT_NOT_COMMITTED,New app path not in HEAD commit,git ls-files --others --exclude-standard,include_in_snapshot
scripts/forex-s5-smoke-and-killswitch.mjs,untracked,REQUIRED_BUT_NOT_COMMITTED,New app path not in HEAD commit,git ls-files --others --exclude-standard,include_in_snapshot
scripts/forex-s5-staging-cert-internal.mjs,untracked,REQUIRED_BUT_NOT_COMMITTED,New app path not in HEAD commit,git ls-files --others --exclude-standard,include_in_snapshot
scripts/forex-s5-staging-cert.mjs,untracked,REQUIRED_BUT_NOT_COMMITTED,New app path not in HEAD commit,git ls-files --others --exclude-standard,include_in_snapshot
scripts/forex-safe-crypto-regression.sh,untracked,REQUIRED_BUT_NOT_COMMITTED,New app path not in HEAD commit,git ls-files --others --exclude-standard,include_in_snapshot
scripts/forex-system-discovery.mjs,untracked,REQUIRED_BUT_NOT_COMMITTED,New app path not in HEAD commit,git ls-files --others --exclude-standard,include_in_snapshot
scripts/forex-tier1-browser-cert.mjs,untracked,REQUIRED_BUT_NOT_COMMITTED,New app path not in HEAD commit,git ls-files --others --exclude-standard,include_in_snapshot
scripts/fx-mobile-cancel-once.mjs,untracked,REQUIRED_BUT_NOT_COMMITTED,New app path not in HEAD commit,git ls-files --others --exclude-standard,include_in_snapshot
scripts/vps-backup-cron.sh,untracked,REQUIRED_BUT_NOT_COMMITTED,New app path not in HEAD commit,git ls-files --others --exclude-standard,include_in_snapshot
scripts/vps-restore-isolated-test.sh,untracked,REQUIRED_BUT_NOT_COMMITTED,New app path not in HEAD commit,git ls-files --others --exclude-standard,include_in_snapshot
